,bouy_name,sar_image_name,bouy_lon,bouy_lat,pol,mean_sigma0,std_sigma0,mean_sigma0_dB,std_sigma0_dB,insitu_wave,model_wave
0,bouydata/202002/GL_TS_MO_41010_202002.nc,S1A_IW_GRDH_1SDV_20200205T231239_20200205T231308_031124_0393BD_E89A.SAFE,-78.485,28.878,VV,0.03764690458781673,0.019802197234394164,,,1.0200000484474003,nan
1,bouydata/202002/GL_TS_MO_41010_202002.nc,S1A_IW_GRDH_1SDV_20200205T231239_20200205T231308_031124_0393BD_E89A.SAFE,-78.485,28.878,VH,0.0004462082887391437,0.002062776301831611,,,1.0200000484474003,nan
2,bouydata/202002/GL_TS_MO_41010_202002.nc,S1A_IW_GRDH_1SDV_20200210T232028_20200210T232053_031197_039650_6042.SAFE,-78.485,28.878,VV,0.011908336301036387,0.006615626929291668,,,,nan
3,bouydata/202002/GL_TS_MO_41010_202002.nc,S1A_IW_GRDH_1SDV_20200210T232028_20200210T232053_031197_039650_6042.SAFE,-78.485,28.878,VH,0.00025430584652195374,0.0005548419312697552,,,,nan
4,bouydata/202002/GL_TS_MO_41010_202002.nc,S1A_IW_GRDH_1SDV_20200222T232028_20200222T232053_031372_039C56_E415.SAFE,-78.485,28.878,VV,0.03073328574783236,0.0176317458339611,-15.821309388151919,2.5531168131425606,3.5400001681409776,nan
5,bouydata/202002/GL_TS_MO_41010_202002.nc,S1A_IW_GRDH_1SDV_20200222T232028_20200222T232053_031372_039C56_E415.SAFE,-78.485,28.878,VH,0.0006881990512867827,0.0007735204295238947,,,3.5400001681409776,nan
6,bouydata/202002/GL_TS_MO_41010_202002.nc,S1A_IW_GRDH_1SDV_20200229T231238_20200229T231303_031474_039FCF_71C3.SAFE,-78.485,28.878,VV,0.09913719709406513,0.05757528214142367,-10.733258556535139,2.542553386930776,2.9300001391675323,nan
7,bouydata/202002/GL_TS_MO_41010_202002.nc,S1A_IW_GRDH_1SDV_20200229T231238_20200229T231303_031474_039FCF_71C3.SAFE,-78.485,28.878,VH,0.001683985798132368,0.0026734305899198266,,,2.9300001391675323,nan
8,bouydata/202002/GL_TS_MO_41010_202002.nc,S1A_IW_GRDH_1SDV_20200217T231239_20200217T231304_031299_0399CE_1FDD.SAFE,-78.485,28.878,VV,0.020568379026562302,0.012602295611550442,,,,nan
9,bouydata/202002/GL_TS_MO_41010_202002.nc,S1A_IW_GRDH_1SDV_20200217T231239_20200217T231304_031299_0399CE_1FDD.SAFE,-78.485,28.878,VH,0.00021223095551048046,0.0020073537765386146,,,,nan
10,bouydata/202002/IR_TS_MO_1300131_202002.nc,S1A_IW_GRDH_1SDV_20200219T070238_20200219T070303_031318_039A7F_E376.SAFE,-16.5979,27.9966,VV,0.020019162723287694,0.011947661698416644,,,1.2600000598467886,nan
11,bouydata/202002/IR_TS_MO_1300131_202002.nc,S1A_IW_GRDH_1SDV_20200219T070238_20200219T070303_031318_039A7F_E376.SAFE,-16.5979,27.9966,VH,0.0009499130519423726,0.0017582122418319194,,,1.2600000598467886,nan
12,bouydata/202002/IR_TS_MO_1300131_202002.nc,S1B_IW_GRDH_1SDV_20200229T190444_20200229T190509_020488_026D26_C8A7.SAFE,-16.5979,27.9966,VV,0.0967938417058996,0.051609715064395885,,,0.8100000384729356,nan
13,bouydata/202002/IR_TS_MO_1300131_202002.nc,S1B_IW_GRDH_1SDV_20200229T190444_20200229T190509_020488_026D26_C8A7.SAFE,-16.5979,27.9966,VH,0.0005597390534090841,0.0017530901843342593,,,0.8100000384729356,nan
14,bouydata/202002/IR_TS_MO_1300131_202002.nc,S1A_IW_GRDH_1SDV_20200216T191335_20200216T191405_031282_03993B_6201.SAFE,-16.5979,27.9966,VV,0.033368047901378935,0.018723791631633607,-15.434843327866012,2.4918737068398915,1.1800000560469925,nan
15,bouydata/202002/IR_TS_MO_1300131_202002.nc,S1A_IW_GRDH_1SDV_20200216T191335_20200216T191405_031282_03993B_6201.SAFE,-16.5979,27.9966,VH,0.0005804098051705829,0.0007541705878902232,,,1.1800000560469925,nan
16,bouydata/202002/IR_TS_MO_1300131_202002.nc,S1B_IW_GRDH_1SDV_20200213T070157_20200213T070222_020247_026574_2012.SAFE,-16.5979,27.9966,VV,0.007386235284992778,0.0052992533777524034,,,0.6500000308733433,nan
17,bouydata/202002/IR_TS_MO_1300131_202002.nc,S1B_IW_GRDH_1SDV_20200213T070157_20200213T070222_020247_026574_2012.SAFE,-16.5979,27.9966,VH,0.0003462568118349048,0.0011810947474983594,,,0.6500000308733433,nan
18,bouydata/202002/IR_TS_MO_1300131_202002.nc,S1A_IW_GRDH_1SDV_20200204T191335_20200204T191405_031107_03932F_1119.SAFE,-16.5979,27.9966,VV,0.0067587521683525565,0.003933242993909406,,,1.0000000474974513,nan
19,bouydata/202002/IR_TS_MO_1300131_202002.nc,S1A_IW_GRDH_1SDV_20200204T191335_20200204T191405_031107_03932F_1119.SAFE,-16.5979,27.9966,VH,0.00014122834936379755,0.0005320103646342382,,,1.0000000474974513,nan
20,bouydata/202002/IR_TS_MO_1300131_202002.nc,S1A_IW_GRDH_1SDV_20200223T190532_20200223T190557_031384_039CCB_D7AC.SAFE,-16.5979,27.9966,VV,0.055015715252886864,0.02906672240244723,,,1.2400000588968396,nan
21,bouydata/202002/IR_TS_MO_1300131_202002.nc,S1A_IW_GRDH_1SDV_20200223T190532_20200223T190557_031384_039CCB_D7AC.SAFE,-16.5979,27.9966,VH,0.0001406535400669312,0.0018995154601643464,,,1.2400000588968396,nan
22,bouydata/202002/IR_TS_MO_1300131_202002.nc,S1A_IW_GRDH_1SDV_20200207T070239_20200207T070304_031143_039472_9CC8.SAFE,-16.5979,27.9966,VV,0.005587218611528649,0.0042018158441054,,,0.6600000313483179,nan
23,bouydata/202002/IR_TS_MO_1300131_202002.nc,S1A_IW_GRDH_1SDV_20200207T070239_20200207T070304_031143_039472_9CC8.SAFE,-16.5979,27.9966,VH,0.0004271704828033628,0.0015666885649581077,,,0.6600000313483179,nan
24,bouydata/202002/IR_TS_MO_1300131_202002.nc,S1A_IW_GRDH_1SDV_20200211T190532_20200211T190557_031209_0396C2_A29B.SAFE,-16.5979,27.9966,VV,0.03635327203885899,0.02141461379475563,,,0.6600000313483179,nan
25,bouydata/202002/IR_TS_MO_1300131_202002.nc,S1A_IW_GRDH_1SDV_20200211T190532_20200211T190557_031209_0396C2_A29B.SAFE,-16.5979,27.9966,VH,0.00011709228007561168,0.001915002359363845,,,0.6600000313483179,nan
26,bouydata/202002/IR_TS_MO_1300131_202002.nc,S1B_IW_GRDH_1SDV_20200205T190445_20200205T190510_020138_0261E4_BA95.SAFE,-16.5979,27.9966,VV,0.03513721944791881,0.018776155552538837,,,0.5400000256486237,nan
27,bouydata/202002/IR_TS_MO_1300131_202002.nc,S1B_IW_GRDH_1SDV_20200205T190445_20200205T190510_020138_0261E4_BA95.SAFE,-16.5979,27.9966,VH,9.86419075381274e-05,0.0015102864575351044,,,0.5400000256486237,nan
28,bouydata/202002/IR_TS_MO_1300131_202002.nc,S1B_IW_GRDH_1SDV_20200225T070156_20200225T070221_020422_026B14_63EC.SAFE,-16.5979,27.9966,VV,0.029930774762292466,0.01553779357509713,,,0.5800000275485218,nan
29,bouydata/202002/IR_TS_MO_1300131_202002.nc,S1B_IW_GRDH_1SDV_20200225T070156_20200225T070221_020422_026B14_63EC.SAFE,-16.5979,27.9966,VH,0.0007964061209837728,0.0014141809806683403,,,0.5800000275485218,nan
30,bouydata/202002/IR_TS_MO_1300131_202002.nc,S1B_IW_GRDH_1SDV_20200217T190445_20200217T190510_020313_026786_B898.SAFE,-16.5979,27.9966,VV,0.130987162020823,0.0731371756603204,-9.482020231003254,2.461612876199426,1.0100000479724258,nan
31,bouydata/202002/IR_TS_MO_1300131_202002.nc,S1B_IW_GRDH_1SDV_20200217T190445_20200217T190510_020313_026786_B898.SAFE,-16.5979,27.9966,VH,0.0008907313723867778,0.0019358031611642003,,,1.0100000479724258,nan
32,bouydata/202002/IR_TS_MO_1300131_202002.nc,S1A_IW_GRDH_1SDV_20200228T191335_20200228T191405_031457_039F3B_E0EA.SAFE,-16.5979,27.9966,VV,0.005819207113359155,0.0034314474910704896,,,0.4400000208988786,nan
33,bouydata/202002/IR_TS_MO_1300131_202002.nc,S1A_IW_GRDH_1SDV_20200228T191335_20200228T191405_031457_039F3B_E0EA.SAFE,-16.5979,27.9966,VH,0.00013577015863149703,0.000530099121464243,,,0.4400000208988786,nan
34,bouydata/202002/IR_TS_MO_1300131_202002.nc,S1B_IW_GRDH_1SDV_20200222T191253_20200222T191323_020386_0269E3_5EA4.SAFE,-16.5979,27.9966,VV,0.01216892079766296,0.00747444586881666,,,0.5300000251736492,nan
35,bouydata/202002/IR_TS_MO_1300131_202002.nc,S1B_IW_GRDH_1SDV_20200222T191253_20200222T191323_020386_0269E3_5EA4.SAFE,-16.5979,27.9966,VH,0.0001575202439370646,0.0004610131920840174,,,0.5300000251736492,nan
36,bouydata/202002/IR_TS_MO_1300131_202002.nc,S1B_IW_GRDH_1SDV_20200201T070157_20200201T070222_020072_025FCE_DB71.SAFE,-16.5979,27.9966,VV,0.011817828752063374,0.006660880174355774,,,0.4400000208988786,nan
37,bouydata/202002/IR_TS_MO_1300131_202002.nc,S1B_IW_GRDH_1SDV_20200201T070157_20200201T070222_020072_025FCE_DB71.SAFE,-16.5979,27.9966,VH,0.00041969455260895255,0.0012378090907890944,,,0.4400000208988786,nan
38,bouydata/202002/IR_TS_MO_1300131_202002.nc,S1B_IW_GRDH_1SDV_20200210T191253_20200210T191323_020211_026445_827E.SAFE,-16.5979,27.9966,VV,0.03667854425521918,0.018838238031219243,-14.930434151935868,2.313906473841006,0.8400000398978591,nan
39,bouydata/202002/IR_TS_MO_1300131_202002.nc,S1B_IW_GRDH_1SDV_20200210T191253_20200210T191323_020211_026445_827E.SAFE,-16.5979,27.9966,VH,0.0004956384585914945,0.0006376076773871388,,,0.8400000398978591,nan
40,bouydata/202002/GL_TS_MO_6200079_202002.nc,S1B_IW_GRDH_1SDV_20200201T180258_20200201T180323_020079_02600E_0209.SAFE,-1.6766,43.403,VV,0.00885910199124841,0.048953828491548584,,,1.8000000854954123,nan
41,bouydata/202002/GL_TS_MO_6200079_202002.nc,S1B_IW_GRDH_1SDV_20200201T180258_20200201T180323_020079_02600E_0209.SAFE,-1.6766,43.403,VH,0.001610049762501155,0.006594443040901875,,,1.8000000854954123,nan
42,bouydata/202002/GL_TS_MO_6200079_202002.nc,S1B_IW_GRDH_1SDV_20200219T060816_20200219T060841_020334_02682C_8324.SAFE,-1.6766,43.403,VV,0.014574074206561842,0.12753262598143597,,,3.200000151991844,nan
43,bouydata/202002/GL_TS_MO_6200079_202002.nc,S1B_IW_GRDH_1SDV_20200219T060816_20200219T060841_020334_02682C_8324.SAFE,-1.6766,43.403,VH,0.001650631132065562,0.004709389344271532,,,3.200000151991844,nan
44,bouydata/202002/GL_TS_MO_6200079_202002.nc,S1B_IW_GRDH_1SDV_20200212T061628_20200212T061653_020232_0264FB_556D.SAFE,-1.6766,43.403,VV,0.021314318079975487,0.038323166505576545,,,4.700000223238021,nan
45,bouydata/202002/GL_TS_MO_6200079_202002.nc,S1B_IW_GRDH_1SDV_20200212T061628_20200212T061653_020232_0264FB_556D.SAFE,-1.6766,43.403,VH,0.0013766584648642359,0.004002982319481289,,,4.700000223238021,nan
46,bouydata/202002/GL_TS_MO_6200079_202002.nc,S1B_IW_GRDH_1SDV_20200225T180257_20200225T180322_020429_026B52_F6EA.SAFE,-1.6766,43.403,VV,0.04952468788737095,0.03579400629538655,-13.798139495873881,2.572210957973139,3.000000142492354,nan
47,bouydata/202002/GL_TS_MO_6200079_202002.nc,S1B_IW_GRDH_1SDV_20200225T180257_20200225T180322_020429_026B52_F6EA.SAFE,-1.6766,43.403,VH,0.002441497328580147,0.006128924918133138,,,3.000000142492354,nan
48,bouydata/202002/GL_TS_MO_6200079_202002.nc,S1A_IW_GRDH_1SDV_20200207T180348_20200207T180413_031150_0394B0_05D8.SAFE,-1.6766,43.403,VV,0.013437337994150499,0.04046641381284976,,,0.9000000427477062,nan
49,bouydata/202002/GL_TS_MO_6200079_202002.nc,S1A_IW_GRDH_1SDV_20200207T180348_20200207T180413_031150_0394B0_05D8.SAFE,-1.6766,43.403,VH,0.001642005599126197,0.007440449527441253,,,0.9000000427477062,nan
50,bouydata/202002/GL_TS_MO_6200079_202002.nc,S1A_IW_GRDH_1SDV_20200214T175528_20200214T175553_031252_03982F_E433.SAFE,-1.6766,43.403,VV,0.035666144649535915,0.04124949360834768,,,2.5000001187436283,nan
51,bouydata/202002/GL_TS_MO_6200079_202002.nc,S1A_IW_GRDH_1SDV_20200214T175528_20200214T175553_031252_03982F_E433.SAFE,-1.6766,43.403,VH,0.002386809046326181,0.007722901376060717,,,2.5000001187436283,nan
52,bouydata/202002/GL_TS_MO_6200079_202002.nc,S1A_IW_GRDH_1SDV_20200219T180348_20200219T180413_031325_039ABD_BFBF.SAFE,-1.6766,43.403,VV,0.017125811397980903,0.03780203065189927,,,3.6000001709908247,nan
53,bouydata/202002/GL_TS_MO_6200079_202002.nc,S1A_IW_GRDH_1SDV_20200219T180348_20200219T180413_031325_039ABD_BFBF.SAFE,-1.6766,43.403,VH,0.002082960729189426,0.006801848326300501,,,3.6000001709908247,nan
54,bouydata/202002/GL_TS_MO_6200079_202002.nc,S1A_IW_GRDH_1SDV_20200201T060904_20200201T060929_031055_039150_4B23.SAFE,-1.6766,43.403,VV,0.0063139123079653465,0.03997361298749666,,,1.0000000474974513,nan
55,bouydata/202002/GL_TS_MO_6200079_202002.nc,S1A_IW_GRDH_1SDV_20200201T060904_20200201T060929_031055_039150_4B23.SAFE,-1.6766,43.403,VH,0.0010520431543624106,0.0036847588409938624,,,1.0000000474974513,nan
56,bouydata/202002/GL_TS_MO_6200079_202002.nc,S1A_IW_GRDH_1SDV_20200225T060904_20200225T060929_031405_039D6D_4C78.SAFE,-1.6766,43.403,VV,0.009468044538420099,0.017570510711405828,,,2.300000109244138,nan
57,bouydata/202002/GL_TS_MO_6200079_202002.nc,S1A_IW_GRDH_1SDV_20200225T060904_20200225T060929_031405_039D6D_4C78.SAFE,-1.6766,43.403,VH,0.001125112800205372,0.0027970457120398895,,,2.300000109244138,nan
58,bouydata/202002/GL_TS_MO_6200079_202002.nc,S1B_IW_GRDH_1SDV_20200207T060817_20200207T060842_020159_02628D_FF84.SAFE,-1.6766,43.403,VV,0.009605475362557734,0.02827497010646085,,,0.800000037997961,nan
59,bouydata/202002/GL_TS_MO_6200079_202002.nc,S1B_IW_GRDH_1SDV_20200207T060817_20200207T060842_020159_02628D_FF84.SAFE,-1.6766,43.403,VH,0.0013142128487222298,0.004319218918110625,,,0.800000037997961,nan
60,bouydata/202002/GL_TS_MO_6200079_202002.nc,S1A_IW_GRDH_1SDV_20200218T061716_20200218T061741_031303_0399F1_D55A.SAFE,-1.6766,43.403,VV,0.029109657513810134,0.06390137645434377,,,5.100000242237002,nan
61,bouydata/202002/GL_TS_MO_6200079_202002.nc,S1A_IW_GRDH_1SDV_20200218T061716_20200218T061741_031303_0399F1_D55A.SAFE,-1.6766,43.403,VH,0.0024927131125155417,0.00625796470436923,,,5.100000242237002,nan
62,bouydata/202002/GL_TS_MO_6200079_202002.nc,S1A_IW_GRDH_1SDV_20200206T061716_20200206T061741_031128_0393E1_68E0.SAFE,-1.6766,43.403,VV,0.02249285191845294,0.039644504162738944,,,0.800000037997961,nan
63,bouydata/202002/GL_TS_MO_6200079_202002.nc,S1A_IW_GRDH_1SDV_20200206T061716_20200206T061741_031128_0393E1_68E0.SAFE,-1.6766,43.403,VH,0.0015688177998712052,0.005890737600500973,,,0.800000037997961,nan
64,bouydata/202002/GL_TS_MO_6200079_202002.nc,S1A_IW_GRDH_1SDV_20200226T175528_20200226T175553_031427_039E36_DAB7.SAFE,-1.6766,43.403,VV,0.07889600852506566,0.051021016425397955,-11.789220710844672,2.6486859564617786,5.0000002374872565,nan
65,bouydata/202002/GL_TS_MO_6200079_202002.nc,S1A_IW_GRDH_1SDV_20200226T175528_20200226T175553_031427_039E36_DAB7.SAFE,-1.6766,43.403,VH,0.00310897396579821,0.006958871272906408,,,5.0000002374872565,nan
66,bouydata/202002/GL_TS_MO_6200079_202002.nc,S1B_IW_GRDH_1SDV_20200220T175500_20200220T175525_020356_0268DE_5F54.SAFE,-1.6766,43.403,VV,0.038530281971302344,0.07810246568074838,,,2.5000001187436283,nan
67,bouydata/202002/GL_TS_MO_6200079_202002.nc,S1B_IW_GRDH_1SDV_20200220T175500_20200220T175525_020356_0268DE_5F54.SAFE,-1.6766,43.403,VH,0.002169169232993867,0.007801919477284771,,,2.5000001187436283,nan
68,bouydata/202002/GL_TS_MO_6200079_202002.nc,S1B_IW_GRDH_1SDV_20200224T061628_20200224T061653_020407_026A9D_C06E.SAFE,-1.6766,43.403,VV,0.020051503355315897,0.032298688924441904,,,3.4000001614913344,nan
69,bouydata/202002/GL_TS_MO_6200079_202002.nc,S1B_IW_GRDH_1SDV_20200224T061628_20200224T061653_020407_026A9D_C06E.SAFE,-1.6766,43.403,VH,0.0012347875138383156,0.004312936318411816,,,3.4000001614913344,nan
70,bouydata/202002/GL_TS_MO_6200079_202002.nc,S1B_IW_GRDH_1SDV_20200208T175500_20200208T175525_020181_026342_68C5.SAFE,-1.6766,43.403,VV,0.030804059623596735,0.04930080940282212,,,1.0000000474974513,nan
71,bouydata/202002/GL_TS_MO_6200079_202002.nc,S1B_IW_GRDH_1SDV_20200208T175500_20200208T175525_020181_026342_68C5.SAFE,-1.6766,43.403,VH,0.001699687660567764,0.006193564798597739,,,1.0000000474974513,nan
72,bouydata/202002/GL_TS_MO_6200079_202002.nc,S1B_IW_GRDH_1SDV_20200213T180258_20200213T180323_020254_0265B2_2CD8.SAFE,-1.6766,43.403,VV,0.027556066945761595,0.09208661337932339,,,2.400000113993883,nan
73,bouydata/202002/GL_TS_MO_6200079_202002.nc,S1B_IW_GRDH_1SDV_20200213T180258_20200213T180323_020254_0265B2_2CD8.SAFE,-1.6766,43.403,VH,0.00192455004613093,0.0083662883338121,,,2.400000113993883,nan
74,bouydata/202002/GL_TS_MO_6200079_202002.nc,S1A_IW_GRDH_1SDV_20200213T060904_20200213T060929_031230_039764_61C5.SAFE,-1.6766,43.403,VV,0.007358346948057363,0.018261361239986014,,,2.7000001282431185,nan
75,bouydata/202002/GL_TS_MO_6200079_202002.nc,S1A_IW_GRDH_1SDV_20200213T060904_20200213T060929_031230_039764_61C5.SAFE,-1.6766,43.403,VH,0.0011349422524074134,0.0032166575110442867,,,2.7000001282431185,nan
76,bouydata/202002/GL_TS_MO_46004_202002.nc,S1B_IW_GRDH_1SDV_20200201T150920_20200201T150948_020077_026001_9EF7.SAFE,-136.095,50.93,VV,,,,,5.840000277385116,nan
77,bouydata/202002/GL_TS_MO_46004_202002.nc,S1B_IW_GRDH_1SDV_20200201T150920_20200201T150948_020077_026001_9EF7.SAFE,-136.095,50.93,VH,,,,,5.840000277385116,nan
78,bouydata/202002/GL_TS_MO_46004_202002.nc,S1B_IW_GRDH_1SDV_20200218T151729_20200218T151756_020325_0267EC_8425.SAFE,-136.095,50.93,VV,0.022314492940729277,0.012199388661920616,,,2.0600000978447497,nan
79,bouydata/202002/GL_TS_MO_46004_202002.nc,S1B_IW_GRDH_1SDV_20200218T151729_20200218T151756_020325_0267EC_8425.SAFE,-136.095,50.93,VH,0.0006690683003001631,0.0010591060623115105,,,2.0600000978447497,nan
80,bouydata/202002/GL_TS_MO_46004_202002.nc,S1B_IW_GRDH_1SDV_20200225T150920_20200225T150947_020427_026B45_FF57.SAFE,-136.095,50.93,VV,,,,,5.100000242237002,nan
81,bouydata/202002/GL_TS_MO_46004_202002.nc,S1B_IW_GRDH_1SDV_20200225T150920_20200225T150947_020427_026B45_FF57.SAFE,-136.095,50.93,VH,,,,,5.100000242237002,nan
82,bouydata/202002/GL_TS_MO_46004_202002.nc,S1B_IW_GRDH_1SDV_20200213T150920_20200213T150947_020252_0265A5_5683.SAFE,-136.095,50.93,VV,,,,,5.880000279285014,nan
83,bouydata/202002/GL_TS_MO_46004_202002.nc,S1B_IW_GRDH_1SDV_20200213T150920_20200213T150947_020252_0265A5_5683.SAFE,-136.095,50.93,VH,,,,,5.880000279285014,nan
84,bouydata/202002/GL_TS_MO_46004_202002.nc,S1B_IW_GRDH_1SDV_20200206T151729_20200206T151757_020150_02624B_C015.SAFE,-136.095,50.93,VV,0.00941259288400087,0.006673658113349718,,,2.550000121118501,nan
85,bouydata/202002/GL_TS_MO_46004_202002.nc,S1B_IW_GRDH_1SDV_20200206T151729_20200206T151757_020150_02624B_C015.SAFE,-136.095,50.93,VH,0.00010851695030550023,0.0007948875954892935,,,2.550000121118501,nan
86,bouydata/202002/GL_TS_MO_51202_202002.nc,S1B_IW_GRDH_1SDV_20200220T043846_20200220T043911_020348_026894_67AA.SAFE,-157.678,21.415,VV,0.034928645929228445,0.02245904891494061,,,2.940000139642507,nan
87,bouydata/202002/GL_TS_MO_51202_202002.nc,S1B_IW_GRDH_1SDV_20200220T043846_20200220T043911_020348_026894_67AA.SAFE,-157.678,21.415,VH,0.0006755664717550253,0.0014157115187752427,,,2.940000139642507,nan
88,bouydata/202002/GL_TS_MO_51202_202002.nc,S1B_IW_GRDH_1SDV_20200217T162315_20200217T162340_020311_026779_017C.SAFE,-157.678,21.415,VV,0.02305252206672754,0.012920402775603815,,,2.2900001087691635,nan
89,bouydata/202002/GL_TS_MO_51202_202002.nc,S1B_IW_GRDH_1SDV_20200217T162315_20200217T162340_020311_026779_017C.SAFE,-157.678,21.415,VH,0.00044784591182408736,0.0009770908238327877,,,2.2900001087691635,nan
90,bouydata/202002/GL_TS_MO_51202_202002.nc,S1B_IW_GRDH_1SDV_20200208T043846_20200208T043911_020173_0262F8_95E3.SAFE,-157.678,21.415,VV,0.010148161584270721,0.006616772522382243,,,2.8600001358427107,nan
91,bouydata/202002/GL_TS_MO_51202_202002.nc,S1B_IW_GRDH_1SDV_20200208T043846_20200208T043911_020173_0262F8_95E3.SAFE,-157.678,21.415,VH,0.00044933122060682445,0.001226521011226968,,,2.8600001358427107,nan
92,bouydata/202002/GL_TS_MO_51202_202002.nc,S1A_IW_GRDH_1SDV_20200211T162400_20200211T162425_031207_0396B0_E9EC.SAFE,-157.678,21.415,VV,0.014413981167876101,0.008135139998467003,,,3.2100001524668187,nan
93,bouydata/202002/GL_TS_MO_51202_202002.nc,S1A_IW_GRDH_1SDV_20200211T162400_20200211T162425_031207_0396B0_E9EC.SAFE,-157.678,21.415,VH,0.0006628093367332033,0.0012922265519477948,,,3.2100001524668187,nan
94,bouydata/202002/GL_TS_MO_51202_202002.nc,S1A_IW_GRDH_1SDV_20200214T043925_20200214T043950_031244_0397E0_6420.SAFE,-157.678,21.415,VV,0.03757992923866429,0.02252186368809869,,,2.240000106394291,nan
95,bouydata/202002/GL_TS_MO_51202_202002.nc,S1A_IW_GRDH_1SDV_20200214T043925_20200214T043950_031244_0397E0_6420.SAFE,-157.678,21.415,VH,0.0007822753022099514,0.0016728703207452718,,,2.240000106394291,nan
96,bouydata/202002/GL_TS_MO_51202_202002.nc,S1B_IW_GRDH_1SDV_20200229T162315_20200229T162340_020486_026D19_FEF3.SAFE,-157.678,21.415,VV,0.027523550190267736,0.016070536044799723,,,2.610000123968348,nan
97,bouydata/202002/GL_TS_MO_51202_202002.nc,S1B_IW_GRDH_1SDV_20200229T162315_20200229T162340_020486_026D19_FEF3.SAFE,-157.678,21.415,VH,0.0007700666661403921,0.0011754281006268108,,,2.610000123968348,nan
98,bouydata/202002/GL_TS_MO_51202_202002.nc,S1B_IW_GRDH_1SDV_20200205T162315_20200205T162340_020136_0261D7_1BA9.SAFE,-157.678,21.415,VV,0.002054783878667957,0.002417889243185351,,,1.6200000769458711,nan
99,bouydata/202002/GL_TS_MO_51202_202002.nc,S1B_IW_GRDH_1SDV_20200205T162315_20200205T162340_020136_0261D7_1BA9.SAFE,-157.678,21.415,VH,0.00010405144166228058,0.0008351593141698964,,,1.6200000769458711,nan
100,bouydata/202002/GL_TS_MO_51202_202002.nc,S1A_IW_GRDH_1SDV_20200202T043925_20200202T043950_031069_0391CE_C7FD.SAFE,-157.678,21.415,VV,0.019883979297987436,0.011988368859171053,,,2.810000133467838,nan
101,bouydata/202002/GL_TS_MO_51202_202002.nc,S1A_IW_GRDH_1SDV_20200202T043925_20200202T043950_031069_0391CE_C7FD.SAFE,-157.678,21.415,VH,0.000693601499064715,0.00167396861720594,,,2.810000133467838,nan
102,bouydata/202002/GL_TS_MO_51202_202002.nc,S1A_IW_GRDH_1SDV_20200223T162359_20200223T162424_031382_039CB9_7AA1.SAFE,-157.678,21.415,VV,0.006459494357057998,0.004286107875013324,,,1.4900000707712024,nan
103,bouydata/202002/GL_TS_MO_51202_202002.nc,S1A_IW_GRDH_1SDV_20200223T162359_20200223T162424_031382_039CB9_7AA1.SAFE,-157.678,21.415,VH,0.00019303096511516572,0.001108233125062905,,,1.4900000707712024,nan
104,bouydata/202002/GL_TS_MO_51202_202002.nc,S1A_IW_GRDH_1SDV_20200226T043925_20200226T043950_031419_039DE7_1579.SAFE,-157.678,21.415,VV,0.03534952000004658,0.019608254889622236,,,2.4500001163687557,nan
105,bouydata/202002/GL_TS_MO_51202_202002.nc,S1A_IW_GRDH_1SDV_20200226T043925_20200226T043950_031419_039DE7_1579.SAFE,-157.678,21.415,VH,0.0008945898831578827,0.001703220053029228,,,2.4500001163687557,nan
106,bouydata/202002/GL_TS_MO_46232_202002.nc,S1A_IW_GRDH_1SDV_20200205T135256_20200205T135321_031118_03938F_3823.SAFE,-117.425,32.517,VV,0.018797799621600955,0.0115775599193474,,,1.2800000607967377,nan
107,bouydata/202002/GL_TS_MO_46232_202002.nc,S1A_IW_GRDH_1SDV_20200205T135256_20200205T135321_031118_03938F_3823.SAFE,-117.425,32.517,VH,0.00033673826672893397,0.0016011740189997776,,,1.2800000607967377,nan
108,bouydata/202002/GL_TS_MO_46232_202002.nc,S1B_IW_GRDH_1SDV_20200223T014911_20200223T014936_020390_026A04_0952.SAFE,-117.425,32.517,VV,0.014149238659306276,0.008083634423973519,,,1.3200000626966357,nan
109,bouydata/202002/GL_TS_MO_46232_202002.nc,S1B_IW_GRDH_1SDV_20200223T014911_20200223T014936_020390_026A04_0952.SAFE,-117.425,32.517,VH,-3.3693223806779896e-05,0.001007570292344275,,,1.3200000626966357,nan
110,bouydata/202002/GL_TS_MO_46232_202002.nc,S1A_IW_GRDH_1SDV_20200229T014957_20200229T015026_031461_039F54_452A.SAFE,-117.425,32.517,VV,0.01374345200122817,0.008077437714419964,,,1.3500000641215593,nan
111,bouydata/202002/GL_TS_MO_46232_202002.nc,S1A_IW_GRDH_1SDV_20200229T014957_20200229T015026_031461_039F54_452A.SAFE,-117.425,32.517,VH,0.00016445637121330695,0.0013249848639413713,,,1.3500000641215593,nan
112,bouydata/202002/GL_TS_MO_46232_202002.nc,S1A_IW_GRDH_1SDV_20200217T014957_20200217T015026_031286_039955_C301.SAFE,-117.425,32.517,VV,0.002787261516730184,0.0025800859210039456,,,0.9000000427477062,nan
113,bouydata/202002/GL_TS_MO_46232_202002.nc,S1A_IW_GRDH_1SDV_20200217T014957_20200217T015026_031286_039955_C301.SAFE,-117.425,32.517,VH,2.392061927862625e-05,0.0012278125290632145,,,0.9000000427477062,nan
114,bouydata/202002/GL_TS_MO_46232_202002.nc,S1B_IW_GRDH_1SDV_20200223T135208_20200223T135233_020397_026A48_9DC2.SAFE,-117.425,32.517,VV,0.04414884936488651,0.024195162522661268,-14.210472135785238,2.5049370771964594,1.6700000793207437,nan
115,bouydata/202002/GL_TS_MO_46232_202002.nc,S1B_IW_GRDH_1SDV_20200223T135208_20200223T135233_020397_026A48_9DC2.SAFE,-117.425,32.517,VH,0.0002532955453715147,0.0013300409680521551,,,1.6700000793207437,nan
116,bouydata/202002/GL_TS_MO_46232_202002.nc,S1B_IW_GRDH_1SDV_20200211T135208_20200211T135233_020222_0264A9_DF0D.SAFE,-117.425,32.517,VV,0.023234160395564467,0.012803470978741013,,,1.1400000541470945,nan
117,bouydata/202002/GL_TS_MO_46232_202002.nc,S1B_IW_GRDH_1SDV_20200211T135208_20200211T135233_020222_0264A9_DF0D.SAFE,-117.425,32.517,VH,0.00017381057520618508,0.0012431169368232514,,,1.1400000541470945,nan
118,bouydata/202002/GL_TS_MO_46232_202002.nc,S1A_IW_GRDH_1SDV_20200217T135256_20200217T135321_031293_03999D_E543.SAFE,-117.425,32.517,VV,0.0010643893371651625,0.002819243973777398,,,0.8700000413227826,nan
119,bouydata/202002/GL_TS_MO_46232_202002.nc,S1A_IW_GRDH_1SDV_20200217T135256_20200217T135321_031293_03999D_E543.SAFE,-117.425,32.517,VH,0.0002765688594116683,0.0016724701948266313,,,0.8700000413227826,nan
120,bouydata/202002/GL_TS_MO_46232_202002.nc,S1A_IW_GRDH_1SDV_20200205T014957_20200205T015026_031111_039347_9132.SAFE,-117.425,32.517,VV,0.01264295618233208,0.007861425010775204,,,1.6300000774208456,nan
121,bouydata/202002/GL_TS_MO_46232_202002.nc,S1A_IW_GRDH_1SDV_20200205T014957_20200205T015026_031111_039347_9132.SAFE,-117.425,32.517,VH,0.00019396380092463395,0.0012522109111187945,,,1.6300000774208456,nan
122,bouydata/202002/GL_TS_MO_46232_202002.nc,S1B_IW_GRDH_1SDV_20200211T014911_20200211T014936_020215_026466_6895.SAFE,-117.425,32.517,VV,0.009921005031150775,0.006393951983993987,,,1.2000000569969416,nan
123,bouydata/202002/GL_TS_MO_46232_202002.nc,S1B_IW_GRDH_1SDV_20200211T014911_20200211T014936_020215_026466_6895.SAFE,-117.425,32.517,VH,-1.779711831195808e-05,0.0009865413089714752,,,1.2000000569969416,nan
124,bouydata/202002/GL_TS_MO_41004_202002.nc,S1A_IW_GRDH_1SDV_20200222T232143_20200222T232208_031372_039C56_2275.SAFE,-79.099,32.501,VV,0.007486515957853672,0.0046589278173106,,,1.6900000802706927,nan
125,bouydata/202002/GL_TS_MO_41004_202002.nc,S1A_IW_GRDH_1SDV_20200222T232143_20200222T232208_031372_039C56_2275.SAFE,-79.099,32.501,VH,0.00021738007069493697,0.000569121736925577,,,1.6900000802706927,nan
126,bouydata/202002/GL_TS_MO_41004_202002.nc,S1A_IW_GRDH_1SDV_20200217T231329_20200217T231354_031299_0399CE_5D3E.SAFE,-79.099,32.501,VV,0.0531829061566034,0.029045762650909968,-13.379831304515685,2.452852124210119,1.4300000679213554,nan
127,bouydata/202002/GL_TS_MO_41004_202002.nc,S1A_IW_GRDH_1SDV_20200217T231329_20200217T231354_031299_0399CE_5D3E.SAFE,-79.099,32.501,VH,0.0004387936718906367,0.0018153410761075819,,,1.4300000679213554,nan
128,bouydata/202002/GL_TS_MO_41004_202002.nc,S1A_IW_GRDH_1SDV_20200229T231328_20200229T231353_031474_039FCF_0002.SAFE,-79.099,32.501,VV,0.07203060780812225,0.03930979786862099,-12.069410377258862,2.4567352113333647,1.580000075045973,nan
129,bouydata/202002/GL_TS_MO_41004_202002.nc,S1A_IW_GRDH_1SDV_20200229T231328_20200229T231353_031474_039FCF_0002.SAFE,-79.099,32.501,VH,0.0013213676977626584,0.0022172983035571047,,,1.580000075045973,nan
130,bouydata/202002/GL_TS_MO_41004_202002.nc,S1A_IW_GRDH_1SDV_20200210T232143_20200210T232208_031197_039650_9303.SAFE,-79.099,32.501,VV,0.004386736510642221,0.0026536624394922466,,,1.13000005367212,nan
131,bouydata/202002/GL_TS_MO_41004_202002.nc,S1A_IW_GRDH_1SDV_20200210T232143_20200210T232208_031197_039650_9303.SAFE,-79.099,32.501,VH,0.00013734583934675034,0.0005284217468006745,,,1.13000005367212,nan
132,bouydata/202002/GL_TS_MO_46248_202002.nc,S1A_IW_GRDH_1SDV_20200225T142207_20200225T142236_031410_039D9E_24E2.SAFE,-124.644,46.133,VV,0.009320429961612264,0.005711184766792935,,,1.7800000845454633,nan
133,bouydata/202002/GL_TS_MO_46248_202002.nc,S1A_IW_GRDH_1SDV_20200225T142207_20200225T142236_031410_039D9E_24E2.SAFE,-124.644,46.133,VH,0.00031193600878570883,0.0008242915882703366,,,1.7800000845454633,nan
134,bouydata/202002/GL_TS_MO_46248_202002.nc,S1A_IW_GRDH_1SDV_20200213T142207_20200213T142236_031235_039792_0276.SAFE,-124.644,46.133,VV,0.004094048950573104,0.0029449159787733187,,,1.9600000930950046,nan
135,bouydata/202002/GL_TS_MO_46248_202002.nc,S1A_IW_GRDH_1SDV_20200213T142207_20200213T142236_031235_039792_0276.SAFE,-124.644,46.133,VH,0.00024715638855690177,0.0008297627999651006,,,1.9600000930950046,nan
136,bouydata/202002/GL_TS_MO_46248_202002.nc,S1B_IW_GRDH_1SDV_20200207T142106_20200207T142133_020164_0262B8_A3A3.SAFE,-124.644,46.133,VV,0.02282981143217903,0.015123770908971424,,,3.1900001515168697,nan
137,bouydata/202002/GL_TS_MO_46248_202002.nc,S1B_IW_GRDH_1SDV_20200207T142106_20200207T142133_020164_0262B8_A3A3.SAFE,-124.644,46.133,VH,0.00037276472123917937,0.0008129540552173122,,,3.1900001515168697,nan
138,bouydata/202002/GL_TS_MO_46248_202002.nc,S1B_IW_GRDH_1SDV_20200219T142106_20200219T142133_020339_026857_B636.SAFE,-124.644,46.133,VV,0.024682189010972654,0.01302988908733112,-16.689329374491734,2.408352458096375,1.3200000626966357,nan
139,bouydata/202002/GL_TS_MO_46248_202002.nc,S1B_IW_GRDH_1SDV_20200219T142106_20200219T142133_020339_026857_B636.SAFE,-124.644,46.133,VH,0.00040852064360656935,0.0007972239938038257,,,1.3200000626966357,nan
140,bouydata/202002/GL_TS_MO_46248_202002.nc,S1B_IW_GRDH_1SDV_20200212T142931_20200212T142956_020237_026526_AAA4.SAFE,-124.644,46.133,VV,0.015030618966936972,0.010786056941289184,,,2.8800001367926598,nan
141,bouydata/202002/GL_TS_MO_46248_202002.nc,S1B_IW_GRDH_1SDV_20200212T142931_20200212T142956_020237_026526_AAA4.SAFE,-124.644,46.133,VH,9.982232857106494e-05,0.0014526184707880062,,,2.8800001367926598,nan
142,bouydata/202002/GL_TS_MO_46248_202002.nc,S1B_IW_GRDH_1SDV_20200224T142931_20200224T142956_020412_026AC8_8458.SAFE,-124.644,46.133,VV,0.028057158644687746,0.023937248898062893,,,4.640000220388174,nan
143,bouydata/202002/GL_TS_MO_46248_202002.nc,S1B_IW_GRDH_1SDV_20200224T142931_20200224T142956_020412_026AC8_8458.SAFE,-124.644,46.133,VH,0.0001808701005970445,0.001502612452659397,,,4.640000220388174,nan
144,bouydata/202002/GL_TS_MO_46248_202002.nc,S1A_IW_GRDH_1SDV_20200201T142208_20200201T142237_031060_03917F_CD2B.SAFE,-124.644,46.133,VV,0.04470759906605757,0.02513819926551368,-14.171930429367036,2.511057018187195,4.650000220863149,nan
145,bouydata/202002/GL_TS_MO_46248_202002.nc,S1A_IW_GRDH_1SDV_20200201T142208_20200201T142237_031060_03917F_CD2B.SAFE,-124.644,46.133,VH,0.001165235179386272,0.0012642672813133907,,,4.650000220863149,nan
146,bouydata/202002/GL_TS_MO_46213_202002.nc,S1A_IW_GRDH_1SDV_20200213T142326_20200213T142351_031235_039792_617D.SAFE,-124.732,40.295,VV,0.01423620065345171,0.008314012494217963,,,2.070000098319724,nan
147,bouydata/202002/GL_TS_MO_46213_202002.nc,S1A_IW_GRDH_1SDV_20200213T142326_20200213T142351_031235_039792_617D.SAFE,-124.732,40.295,VH,0.00027294384123435685,0.0010854023524001224,,,2.070000098319724,nan
148,bouydata/202002/GL_TS_MO_46213_202002.nc,S1B_IW_GRDH_1SDV_20200226T021557_20200226T021622_020434_026B77_8B07.SAFE,-124.732,40.295,VV,0.01577112539636074,0.008780670281728192,,,1.6800000797957182,nan
149,bouydata/202002/GL_TS_MO_46213_202002.nc,S1B_IW_GRDH_1SDV_20200226T021557_20200226T021622_020434_026B77_8B07.SAFE,-124.732,40.295,VH,0.0005461623339835289,0.0009678224731884144,,,1.6800000797957182,nan
150,bouydata/202002/GL_TS_MO_46213_202002.nc,S1B_IW_GRDH_1SDV_20200202T021557_20200202T021622_020084_026033_FFB5.SAFE,-124.732,40.295,VV,0.007528134559667041,0.005428545112335532,,,3.3800001605413854,nan
151,bouydata/202002/GL_TS_MO_46213_202002.nc,S1B_IW_GRDH_1SDV_20200202T021557_20200202T021622_020084_026033_FFB5.SAFE,-124.732,40.295,VH,0.00015504525201346978,0.0008132189719178458,,,3.3800001605413854,nan
152,bouydata/202002/GL_TS_MO_46213_202002.nc,S1A_IW_GRDH_1SDV_20200225T142326_20200225T142351_031410_039D9E_5EEE.SAFE,-124.732,40.295,VV,0.011103147970201203,0.0067997254998884045,,,2.180000103544444,nan
153,bouydata/202002/GL_TS_MO_46213_202002.nc,S1A_IW_GRDH_1SDV_20200225T142326_20200225T142351_031410_039D9E_5EEE.SAFE,-124.732,40.295,VH,0.00021135017194478934,0.0010058617695652258,,,2.180000103544444,nan
154,bouydata/202002/GL_TS_MO_46213_202002.nc,S1B_IW_GRDH_1SDV_20200214T021557_20200214T021622_020259_0265D6_1B8A.SAFE,-124.732,40.295,VV,0.009393679128369694,0.005448933936313093,,,1.6500000783707947,nan
155,bouydata/202002/GL_TS_MO_46213_202002.nc,S1B_IW_GRDH_1SDV_20200214T021557_20200214T021622_020259_0265D6_1B8A.SAFE,-124.732,40.295,VH,0.00023701419025190127,0.0008513490014428088,,,1.6500000783707947,nan
156,bouydata/202002/GL_TS_MO_46213_202002.nc,S1A_IW_GRDH_1SDV_20200201T142327_20200201T142352_031060_03917F_A0FA.SAFE,-124.732,40.295,VV,0.0019307708249932949,0.002530392056764032,,,2.590000123018399,nan
157,bouydata/202002/GL_TS_MO_46213_202002.nc,S1A_IW_GRDH_1SDV_20200201T142327_20200201T142352_031060_03917F_A0FA.SAFE,-124.732,40.295,VH,-3.7574497459556024e-06,0.000903420427508847,,,2.590000123018399,nan
158,bouydata/202002/GL_TS_MO_41119_202002.nc,S1A_IW_GRDH_1SDV_20200229T231353_20200229T231418_031474_039FCF_6F7E.SAFE,-78.483,33.842,VV,0.015396058963910157,0.008236273402989764,,,0.6300000299233943,nan
159,bouydata/202002/GL_TS_MO_41119_202002.nc,S1A_IW_GRDH_1SDV_20200229T231353_20200229T231418_031474_039FCF_6F7E.SAFE,-78.483,33.842,VH,0.00026538055645815604,0.0011763469712107737,,,0.6300000299233943,nan
160,bouydata/202002/GL_TS_MO_41119_202002.nc,S1A_IW_GRDH_1SDV_20200217T231354_20200217T231419_031299_0399CE_3E98.SAFE,-78.483,33.842,VV,0.018104078591510364,0.009525185369085063,,,0.6200000294484198,nan
161,bouydata/202002/GL_TS_MO_41119_202002.nc,S1A_IW_GRDH_1SDV_20200217T231354_20200217T231419_031299_0399CE_3E98.SAFE,-78.483,33.842,VH,0.00011663586298617242,0.0011367614423390968,,,0.6200000294484198,nan
