,index,pol,mean_sigma0,std_sigma0,mean_sigma0_dB,std_sigma0_dB
0,0,VV,0.03972919034080556,0.020161986638208312,,
1,0,VH,0.0006506178845071205,0.0017614008022297937,,
2,42572,VV,0.04543232599464534,0.0235884174001338,,
3,42572,VH,0.0005459717411434664,0.002498768923411549,,
4,1,VV,0.014337864902144979,0.008608327463563449,,
5,1,VH,0.00013751170412514504,0.0015558917521434155,,
6,42574,VV,0.0005246071691106058,0.0022806847209396602,,
7,42574,VH,0.00014777083333316693,0.0023152566752438104,,
8,2,VV,0.029562144177329268,0.015374054511166114,,
9,2,VH,0.0002767271824011581,0.0016318296562769234,,
10,42576,VV,0.0013756542029194506,0.002666539880757038,,
11,42576,VH,0.00019327179170147718,0.0023915609313043297,,
12,3,VV,0.016464446071739122,0.009913231270646403,,
13,3,VH,0.00017841036925643925,0.001530774877159955,,
14,42578,VV,0.0019257293590367803,0.00300914001373096,,
15,42578,VH,0.00018159933712906255,0.002299039503305518,,
16,4,VV,0.0004507450082342866,0.0024588374101344244,,
17,4,VH,0.00010079430105695452,0.001530423932058054,,
18,42580,VV,0.022881883522068113,0.013965741272121177,,
19,42580,VH,0.0002780628321545862,0.002358683978686448,,
20,5,VV,0.02285335650117597,0.013331583286752172,,
21,5,VH,0.00042110018965645714,0.0017013270999608372,,
22,42583,VV,0.04272629114204207,0.024660327165035332,,
23,42583,VH,0.00042617158316250405,0.002498724116144383,,
24,6,VV,0.01210690776111991,0.007852839155385828,,
25,6,VH,0.0001340579138991895,0.001553669020728399,,
26,42585,VV,0.025201182083543786,0.01471507538146984,,
27,42585,VH,0.0002523494644029671,0.002387835221150508,,
28,7,VV,0.0268994778184224,0.01438608487229855,,
29,7,VH,0.00031625767017727925,0.0016882662768115402,,
30,42587,VV,0.03551962914257454,0.018805321068316935,,
31,42587,VH,0.0003825367983803332,0.002488168715871508,,
32,8,VV,0.015858243886244298,0.008855666705816468,,
33,8,VH,0.00027381246638292226,0.0015722801187300541,,
34,42589,VV,0.03505269514662422,0.018749255402642367,,
35,42589,VH,0.00037408231643295484,0.002380942096987688,,
36,9,VV,0.028297966288820555,0.015130656048921217,,
37,9,VH,0.0003787583942155504,0.0016557097036076674,,
38,42591,VV,0.036379529847914906,0.019584408345749236,,
39,42591,VH,0.00027211533198032465,0.002385060396025169,,
40,10,VV,0.02000102766906619,0.01102754372218059,,
41,10,VH,0.00024521763402793627,0.0015786016655079654,,
42,42594,VV,0.0387491239824712,0.020352374013844526,,
43,42594,VH,0.00041219985228888544,0.0024053882997242234,,
44,11,VV,0.008613112158746114,0.0059134139873166375,,
45,11,VH,0.00010472058259181516,0.00154494380865431,,
46,42597,VV,0.03127464332400766,0.01670153919213056,,
47,42597,VH,0.00031980851675937475,0.0024200564587062495,,
48,12,VV,0.010917914104347087,0.006606741202432557,,
49,12,VH,9.939290082168233e-05,0.00156076015835725,,
50,42599,VV,0.020345591539366128,0.011618557110223639,,
51,42599,VH,0.0003106053055123194,0.002397978905061606,,
52,13,VV,0.014603258099476766,0.00890571842874909,,
53,13,VH,0.00011988012516355244,0.001543507092301799,,
54,42601,VV,0.021200834261777112,0.012378182522504536,,
55,42601,VH,0.00026529045286725596,0.0024117639059282915,,
56,14,VV,0.012439589633709659,0.008047074346846641,,
57,14,VH,0.00010206701067949347,0.0015529188557173222,,
58,42604,VV,0.03662592525975215,0.021071119271962535,,
59,42604,VH,0.000392135073050799,0.0024608806210010296,,
60,15,VV,0.020098570139484306,0.011477910043326064,,
61,15,VH,0.0004158933029599757,0.0016730782843517723,,
62,42606,VV,0.03343287370344144,0.01800066295162587,,
63,42606,VH,0.0004799597527193918,0.002472321108977706,,
64,16,VV,0.05016349777256384,0.025280141948074944,-13.574304980331222,2.3530317409374684
65,16,VH,0.0009596458031493958,0.00196503675338261,,
66,42609,VV,0.027945174742405366,0.015039004437722055,,
67,42609,VH,0.00044306510087897057,0.0025044297104020296,,
68,51447,VV,0.028011282257081046,0.01508960076875697,,
69,51447,VH,0.00042296624439329346,0.0024997960974070745,,
70,17,VV,0.06712061198570753,0.037190828166004296,,
71,17,VH,0.0008357098585462939,0.0018856253648940088,,
72,42612,VV,0.09918150640998587,0.05516139410867041,-10.691089444947208,2.4793581841055663
73,42612,VH,0.0007256735065590207,0.002601379686361574,,
74,44250,VV,0.06858969369678153,0.03758022148788794,-12.286709864786667,2.469295105989433
75,44250,VH,0.0008636478575379285,0.001881795151763695,,
76,51451,VV,0.09971239253622124,0.05518685018765565,-10.665062423953456,2.476313738494221
77,51451,VH,0.0007119661274026482,0.0025939486191433993,,
78,18,VV,0.02057994387481918,0.011738007283015339,,
79,18,VH,0.00022501248639548625,0.0015713686237232363,,
80,42614,VV,0.03164751243086908,0.018494947064604486,,
81,42614,VH,0.0003318600784253432,0.0024022788645836272,,
82,44251,VV,0.020261122918462163,0.01157366531787953,,
83,44251,VH,0.00024223083967322498,0.0015737094731858056,,
84,51453,VV,0.03183120191801215,0.018559607708158152,,
85,51453,VH,0.00033401181659674996,0.002399568509792157,,
86,19,VV,0.06649089677717672,0.03516930834989067,-12.379009854312912,2.3869409289707137
87,19,VH,0.0007647843239931186,0.0018759102739800717,,
88,42616,VV,0.08693756821845991,0.046287025111472535,-11.223476507902884,2.4094908809806395
89,42616,VH,0.0006171101730038837,0.002679245111274977,,
90,44252,VV,0.06639907558529375,0.03527997616455531,-12.389160023293906,2.3947683058257243
91,44252,VH,0.0007904714866071407,0.0018841076834542373,,
92,51455,VV,0.08714481226379356,0.04626086826207628,-11.209537102055359,2.401791261478894
93,51455,VH,0.0006064050116346605,0.0026750885091620154,,
94,20,VV,0.018527573927228362,0.010814251335983637,,
95,20,VH,0.00014842365352287745,0.001566329826674286,,
96,42618,VV,0.02559800357884641,0.016024439779004702,,
97,42618,VH,0.0003254952987089166,0.0024595997872725634,,
98,44253,VV,0.01850895682655845,0.010719162449073455,,
99,44253,VH,0.00016908408634403455,0.0015546442316045465,,
100,51457,VV,0.0251954097607178,0.01587054324876919,,
101,51457,VH,0.0003037634161080841,0.0024419799650542934,,
102,21,VV,0.008483316077224419,0.006248541753200543,,
103,21,VH,0.0001809428144732645,0.0015407053749545538,,
104,42620,VV,0.05049645010802061,0.02580715140626085,,
105,42620,VH,0.0005932336653401985,0.002455199671221156,,
106,44254,VV,0.007972732934271929,0.006158636829131415,,
107,44254,VH,0.0001728965783604761,0.0015309978472554842,,
108,51459,VV,0.05076219498734157,0.026004251182332818,,
109,51459,VH,0.000584354886872147,0.0024516349050931665,,
110,22,VV,0.013357324623867559,0.008005384354635409,,
111,22,VH,0.00014257253215144977,0.0015672938204344719,,
112,42622,VV,0.03258045283259684,0.018425072837214215,,
113,42622,VH,0.00024423751735145146,0.002358120217634611,,
114,44255,VV,0.013361831442956669,0.007969481355464379,,
115,44255,VH,0.00014505848572745546,0.0015482904027623087,,
116,51461,VV,0.03258015214632739,0.018331619011931234,,
117,51461,VH,0.000244553190138267,0.0023564597012260954,,
118,23,VV,0.009204346982564934,0.0050852627021376285,,
119,23,VH,0.00013954200236161363,0.0006592394741923556,,
120,24,VV,0.027777339553215298,0.015684198630551063,,
121,24,VH,0.000714959120743191,0.0019453886914680486,,
122,25,HH,0.19025546701662438,0.06124689583467378,-7.427074794817967,1.3934519173625965
123,25,HV,0.0014647701676367732,0.0007618472330074196,,
124,1499,HH,0.030065874912954035,0.00930873786015946,-15.422514583670843,1.3352352995696184
125,1499,HV,0.0007104174527653487,0.000347404416202577,,
126,40885,HH,0.05197953539790122,0.017543795794926677,-13.08217892996053,1.4551456818136137
127,40885,HV,0.0007828414968374192,0.0004228204363074317,,
128,26,VV,0.03528010396306478,0.019172257480679984,-15.156922716215554,2.4258248542362533
129,26,VH,0.0011734436755738297,0.001055943069550116,,
130,27,HH,0.030272779229269214,0.009564891692750412,-15.402181100094438,1.3705173941358935
131,27,HV,0.0007701927882204194,0.000427761360574967,,
132,28,HH,0.02525880282450294,0.007862412404498562,-16.19007895897534,1.3855193586084658
133,28,HV,0.0003746511243113488,0.0003149515142340259,,
134,1504,HH,0.011939639715329435,0.003706466903348175,-19.4473982073818,1.4049596114036196
135,1504,HV,0.0005706011039849629,0.00038332223797259824,,
136,40889,HH,0.009799374843710724,0.0034051433373757595,-20.34510838427692,1.508761516552837
137,40889,HV,0.0002605715563102695,0.000259226682452091,,
138,29,VV,0.010095708992314616,0.00548407866499662,,
139,29,VH,0.00020868669667700789,0.0007016722239038507,,
140,30,HH,0.6966119271898668,0.1702471192357048,-1.6992878955706212,1.067056798767698
141,30,HV,0.001275955689705608,0.0007629023899000415,,
142,1508,HH,0.04998159954233526,0.015670005677786463,-13.228660616206886,1.3941567532743069
143,1508,HV,0.0004531024100431408,0.0005475035307256062,,
144,40892,HH,0.15905689609622972,0.04755359085886128,-8.18319152820467,1.3367469812006396
145,40892,HV,0.0011188808979573327,0.0006342980990903345,,
146,31,HH,0.10236363618987297,0.027529978855257133,-10.055636577286341,1.1785337689917639
147,31,HV,0.0005316910881453127,0.0007533845635914545,,
148,32,HH,0.0026186553936142364,0.0011288890944861282,-26.229497701720128,1.948010396618291
149,32,HV,-5.472591155688439e-06,0.00014604705567173196,,
150,33,VV,0.005524033670483786,0.004154732883898753,,
151,33,VH,0.00013914660824851914,0.0016630275136152162,,
152,34,VV,0.019446061240302646,0.010485064706130892,,
153,34,VH,-0.0001781449354008279,0.0012216434166286846,,
154,35,HH,0.0032528223868891174,0.0011450832826316348,-25.15394804756492,1.585573625353736
155,35,HV,3.260401977909344e-05,0.00018144803621538083,,
156,24156,HH,0.05217967698853457,0.013405801456370317,-12.97079396169552,1.139961734600736
157,24156,HV,0.00011686110584209722,0.000655061263519441,,
158,36,HH,0.09441997444964001,0.030278189923626,-10.472834460287716,1.4115202385908288
159,36,HV,0.0009369848053152575,0.0005592529510222101,,
160,1511,HH,0.014863161365144473,0.004713012724832245,-18.503266219084107,1.426194129348223
161,1511,HV,0.000581625282531901,0.0002898369398675022,,
162,40897,HH,0.02101183196716701,0.006536248162078901,-16.986924984470267,1.3726786760536753
163,40897,HV,0.0005105012013696035,0.00033184630483672304,,
164,37,VV,0.0070222553562181034,0.0039003709678761943,,
165,37,VH,0.0002601297823207499,0.0005862798335374164,,
166,38,HH,0.0076230028913624,0.00343267765669156,-21.58907906390206,1.8991234979905258
167,38,HV,-2.7945201067774044e-05,0.00017743927012464807,,
168,39,HH,0.008424517445511207,0.002839863690107747,-20.996995035824842,1.5103680836234654
169,39,HV,0.0001091430969726219,0.0002207975279256667,,
170,1516,HH,0.001338519048639479,0.0006053497514878,,
171,1516,HV,-7.340173679662468e-06,0.00019260637769621627,,
172,40901,HH,0.004857474066604844,0.0022874643098240188,-23.612927408737928,2.0734068066533298
173,40901,HV,0.00014443614718178213,0.00024984099047765484,,
174,40,VV,0.019785399869040838,0.01212348448081321,,
175,40,VH,0.00020034139965686938,0.0006901413113301928,,
176,41,HH,0.27391130312010187,0.07136024873681684,-5.770023410660168,1.133622153485436
177,41,HV,0.0003240050982908147,0.00053413714424011,,
178,1520,HH,0.004650846672508951,0.003242722748827729,,
179,1520,HV,-0.00012258969194902723,0.00038005831836558976,,
180,40904,HH,0.05615681936811135,0.01750220522052913,-12.718776362852758,1.3799961521428687
181,40904,HV,0.0001572154385163689,0.0003689480714505446,,
182,42,HH,0.04666831879529481,0.01266486034066883,-13.470122164915631,1.1926063579845645
183,42,HV,-0.00012567944138162717,0.0005473164358087774,,
184,43,HH,0.006743951180667261,0.002394457694737634,-21.97846085361644,1.543690795954024
185,43,HV,0.0003403247713948731,0.00025810682400996944,,
186,44,VV,0.044453699445884204,0.024702845838211838,,
187,44,VH,0.0017510468540760358,0.0024424221971638686,,
188,45,VV,0.0280296033345249,0.015468368413429062,,
189,45,VH,0.00033169979499282637,0.0015270928945560645,,
190,46,HH,0.010580315184761468,0.004035060461971189,-20.06815932938821,1.6737601836638467
191,46,HV,0.0005322705289188699,0.00036051837489161747,,
192,24166,HH,0.08918462095333356,0.02401213308233407,-10.652173924042367,1.1675078531556369
193,24166,HV,0.0006782909685434772,0.0007621181640572648,,
194,47,HH,0.079919302070891,0.02835807808299786,-11.236456810466924,1.5183704336998896
195,47,HV,0.0008528414642184593,0.0005223414662436866,,
196,1523,HH,0.004404970533655633,0.0015128754520736883,-23.82221916921629,1.538009525822051
197,1523,HV,8.66906398975117e-05,0.0001574319048643742,,
198,40909,HH,0.012482860695871153,0.004344911585507422,-19.300631871877037,1.5387420590590435
199,40909,HV,0.00021953438976059965,0.00024213504111420884,,
200,48,HH,0.00518956239050534,0.0017877465651100943,-23.112965639566553,1.5472598270249525
201,48,HV,-4.480854474677058e-05,0.0001763487544115943,,
202,49,HH,0.040450217934418234,0.013453427277240387,-14.169023055418593,1.4565399754394937
203,49,HV,0.0007042173748765201,0.00039185431259541,,
204,1528,HH,0.012838123363526315,0.004384915248938311,-19.16644148428125,1.4969777970784568
205,1528,HV,0.0005693281621040121,0.0003831949851786396,,
206,40913,HH,0.032053639820342573,0.010726300945795384,-15.18072025329159,1.4584163984656984
207,40913,HV,0.0014842897896706335,0.0006407362208466815,,
208,50,VV,0.018235205124709712,0.009646388567511975,,
209,50,VH,0.00017191007622937855,0.0006865394301787716,,
210,51,HH,0.3082726312953478,0.07876770295121009,-5.2515727511086405,1.1141774971858691
211,51,HV,0.00014960094070704997,0.0005139748299365117,,
212,1532,HH,0.03202861724894825,0.010311166968440465,-15.16798571190051,1.4078146915371328
213,1532,HV,0.0002035097746052955,0.00047662010300593205,,
214,40916,HH,0.06466105628029338,0.021159547587582584,-12.121520746446656,1.4179543741341274
215,40916,HV,8.672907586827929e-05,0.00035202117016489194,,
216,52,HH,0.11227585967483242,0.029128918111758564,-9.641072657433622,1.1231060364069638
217,52,HV,0.0006301577228029402,0.0007261461930946988,,
218,53,HH,0.008199646590049499,0.0027143174150540002,-21.103371340093908,1.471232744988925
219,53,HV,0.00020313666734480567,0.00020647503131123113,,
220,54,VV,0.028689365357313146,0.015948928131356375,,
221,54,VH,0.0004096609357857751,0.001780656423861682,,
222,55,VV,0.08422655406652767,0.04237477702928886,-11.295256170628571,2.263547956234269
223,55,VH,0.0005423511418029882,0.0015937386181223135,,
224,56,HH,0.004828805193063943,0.0015836377338360507,-23.40133518658678,1.4723800853861007
225,56,HV,0.00019562759854399082,0.0002273826025156333,,
226,24176,HH,0.08888546626611185,0.02181756439625162,-10.643139936804463,1.0777978163989426
227,24176,HV,0.0004138623437343463,0.0007018297617103892,,
228,57,HH,0.06742583920174296,0.021009465313991622,-11.922590572414547,1.3714157263542017
229,57,HV,0.0005102906512351085,0.00041024180082016397,,
230,1535,HH,0.013864006198876377,0.004420180321647806,-18.799259040036485,1.3904569909803715
231,1535,HV,0.0005974824979546577,0.00031615464196372016,,
232,40921,HH,0.021275274327042792,0.006826305903778253,-16.942893592139395,1.4032701886389625
233,40921,HV,0.000691776039766221,0.0003851209060723051,,
234,58,VV,0.00018121940576096973,0.0005488280144740941,,
235,58,VH,8.561513485475535e-05,0.0005167399214942356,,
236,60,VV,0.12312688322275553,0.0621985526866249,-9.6485978958223,2.265179704371097
237,60,VH,0.0012068711364813874,0.001583276412010894,,
238,61,VV,0.04988274783532235,0.026025420910624472,-13.611831312942549,2.348622447453473
239,61,VH,0.000912241954201116,0.001063401987044265,,
240,62,VV,0.004576132968865922,0.0026081324020934722,,
241,62,VH,0.00014005587983057348,0.0004461413179455141,,
242,63,VV,0.04323554699039534,0.023249176614063727,,
243,63,VH,0.0009717391705797968,0.002119489977537866,,
244,64,VV,0.038859323830706845,0.01999874405630783,-14.70386881558818,2.395105998750117
245,64,VH,4.5022804880772244e-05,0.001336888670043576,,
246,65,VV,0.028848825892252232,0.01449393296779861,-15.962461679551344,2.3101546023669584
247,65,VH,0.0003231021236492276,0.0006704071194510445,,
248,66,VV,0.014248480442487776,0.007193696453987342,,
249,66,VH,0.0004298944685980586,0.0006746962207730865,,
250,68,VV,0.01547731826352768,0.008331298879422392,,
251,68,VH,3.147185681724802e-05,0.0009732010904337937,,
252,69,VV,0.01043284247933142,0.0056205264961083625,,
253,69,VH,3.8105813481452185e-05,0.0006050592984339848,,
254,70,VV,0.011945288070772444,0.006169686343388654,,
255,70,VH,0.00032978557571320424,0.0005476995051074677,,
256,71,VV,0.057637262010489805,0.030827432627902256,-13.021086856710113,2.440909931828956
257,71,VH,0.000906975030967667,0.0020503689818346135,,
258,72,VV,0.07197975521134738,0.03745222688004835,-12.00893484804775,2.326365063516094
259,72,VH,0.0009979330484632465,0.0017784303228715844,,
260,73,VV,0.03998427593023785,0.020975378237344904,-14.579684029279779,2.3669781660090576
261,73,VH,0.0005081500007240348,0.0007661206674880183,,
262,74,VV,0.012277151714895239,0.0065355516939073445,,
263,74,VH,0.0006463785661727216,0.0007725251849461858,,
264,76,VV,0.0042832099359681585,0.0044015366902178605,,
265,76,VH,-0.00034065827228885496,0.0009107685402604432,,
266,77,VV,0.013693915929331217,0.0073810864029666915,,
267,77,VH,0.0004218821181520927,0.0007949700772570768,,
268,78,VV,0.008370307245849815,0.004546348377335412,,
269,78,VH,0.00020555766949848224,0.00048242522021297056,,
270,79,VV,0.014409436403113696,0.008326615745541461,,
271,79,VH,0.00028174838889766235,0.0018099225355496845,,
272,80,VV,0.013541712127224959,0.007738189088565402,,
273,80,VH,-0.00014593408670945924,0.0012371643266115753,,
274,81,VV,0.0068354896755265775,0.003782477743995866,,
275,81,VH,2.5963209147031862e-05,0.000506006492035965,,
276,82,VV,0.006467978050125575,0.003815747150358514,,
277,82,VH,0.0001990906515226879,0.000564944997293908,,
278,84,VV,0.014519228124144735,0.008140171258535715,,
279,84,VH,1.7018956795166447e-05,0.0010587118916211917,,
280,85,VV,0.008668172408385848,0.005011394662274983,,
281,85,VH,9.405129624335141e-05,0.0006442284164312186,,
282,86,VV,0.01976422899633397,0.010070056215532109,-17.61902310037116,2.340707609064213
283,86,VH,0.0006148300563596604,0.0006651279056914288,,
284,87,VV,0.019214977815300377,0.010992280751393508,,
285,87,VH,-4.9069941023388926e-05,0.0013321466175396704,,
286,88,VV,0.017444595763402033,0.009442436262003386,,
287,88,VH,0.00030736081568784443,0.0006449802827916219,,
288,89,VV,0.006410390583907448,0.003480636780440011,,
289,89,VH,0.00018894181171723472,0.000576468159750661,,
290,91,VV,0.03383799694871712,0.017328487520132385,,
291,91,VH,0.00010657588226617813,0.0010481784250667128,,
292,92,VV,0.0007061563609215651,0.0012191143201696927,,
293,92,VH,-0.00013891126728951512,0.0005256428099190203,,
294,93,VV,0.014463686029682633,0.008019372499384538,,
295,93,VH,0.00038984455610697864,0.0005818592442552076,,
296,94,VV,0.1309233124168445,0.08313519674009898,-9.648993915564446,2.754745922904682
297,94,VH,0.0017851223820356111,0.0025003453753844975,,
298,95,VV,0.04097086137798818,0.022541044011388848,,
299,95,VH,0.00017777069336451633,0.001397209161796253,,
300,96,VV,0.06132953936297747,0.032273172719916136,-12.718962881886318,2.351187908696043
301,96,VH,0.0006086088424203302,0.0007852424291918762,,
302,97,VV,0.01936760047428497,0.010087638224182113,-17.736713801368193,2.4036066600915116
303,97,VH,0.0005379679377168664,0.0007337909324936121,,
304,99,VV,0.03803161270670762,0.020276589778108953,-14.824087574057005,2.4486533339218193
305,99,VH,0.0005338175390733585,0.001266962559613708,,
306,100,VV,0.008250709827106016,0.004436875459578826,,
307,100,VH,-3.960619794264831e-05,0.0005878586945886689,,
308,101,VV,0.01714073091317318,0.008626872901571814,-18.229858838232094,2.33001796005895
309,101,VH,0.0003254661501651051,0.0005455119214280899,,
310,102,VV,0.04674116806723712,0.02412796280890138,,
311,102,VH,0.0007122265015860449,0.0019848669896952538,,
312,103,VV,0.022043711889157616,0.01133889072061429,,
313,103,VH,-0.0001800370078198927,0.0012451968446641436,,
314,104,VV,0.008036141114767149,0.004352710477775364,,
315,104,VH,-6.532121178797922e-05,0.0004908346193216712,,
316,105,VV,0.012538980065136063,0.0065562068026718285,,
317,105,VH,0.0004594375605481967,0.0006879370503699078,,
318,107,VV,0.02819817992604056,0.015642149850572804,,
319,107,VH,0.0005108552652884958,0.0012402186332625713,,
320,108,VV,0.01653235831092305,0.008703776208385293,,
321,108,VH,0.0006709996361167678,0.0009311062159661505,,
322,109,VV,0.02059846898499691,0.010773898847753632,-17.46210221296137,2.375748521385972
323,109,VH,0.00044674132992121774,0.0006053688667876356,,
324,110,VV,0.08488790534200567,0.047171524119258394,-11.363354047284425,2.4685787113933473
325,110,VH,0.0013117147075066508,0.002295787886568614,,
326,111,VV,0.029360398144126682,0.01507977482162665,,
327,111,VH,3.984120203693206e-05,0.0013320392045579799,,
328,79602,VV,0.01128973208760874,0.005781500255154883,,
329,79602,VH,0.00016151901747304354,0.0005418478936499884,,
330,112,VV,0.007177130607695307,0.003966064391646305,,
331,112,VH,-2.398219201855935e-05,0.0004966161077297499,,
332,113,VV,0.009603776271872005,0.005003409890174509,,
333,113,VH,0.0002101381485296169,0.0005729701373487926,,
334,115,VV,0.02581991629352754,0.013082759165835825,,
335,115,VH,0.0004110261569020525,0.0007909397935972342,,
336,79606,VV,0.018396896259177408,0.010582799552723933,,
337,79606,VH,0.0002035156027837326,0.001809040834252413,,
338,116,VV,0.04936736517792788,0.025346215741589923,-13.629324890445517,2.2829746987701403
339,116,VH,0.0010687339248422452,0.000898158581792344,,
340,117,VV,0.04839528983598961,0.026705812046783604,,
341,117,VH,0.0011825840675470367,0.002199594659431821,,
342,118,VV,0.043402299009825035,0.021672701656402234,-14.184784025285923,2.3079694853816703
343,118,VH,0.0002522994404618702,0.0014832802741960392,,
344,79609,VV,0.029010678480616565,0.0146637826089291,-15.940548202585589,2.3060813779755907
345,79609,VH,0.00045414362552695413,0.0007058681141175304,,
346,119,VV,0.007869881103791079,0.004245691868044578,,
347,119,VH,-5.531350650241969e-06,0.0005050918413526403,,
348,120,VV,0.005723081104228844,0.0031209717882044814,,
349,120,VH,0.00019013778310805656,0.0005616949622830287,,
350,122,VV,0.02212105028256986,0.011882440562415449,,
351,122,VH,2.268851089034108e-05,0.0010707164008928497,,
352,79613,VV,0.006138170095155406,0.00344144172175932,,
353,79613,VH,7.0914995606858924e-06,0.0004318977234226253,,
354,123,VV,0.033714069263261634,0.01904254170694844,,
355,123,VH,0.0004081498334794812,0.0008245639879800932,,
356,79614,VV,0.03488556660639856,0.021943290153788438,,
357,79614,VH,0.00043681125987978333,0.0019655457342970107,,
358,124,VV,0.028499096751068438,0.015203105678436458,-16.056224490309482,2.3694159036062
359,124,VH,0.0005457752601450757,0.0006336606330742687,,
360,125,VV,0.018575917822600152,0.01077719210623321,,
361,125,VH,0.0003119746212416802,0.0018503549552662684,,
362,126,VV,0.029113508884457306,0.014691012899004052,-15.923164220961555,2.3084634847943137
363,126,VH,0.0002923232248504268,0.0006603731444684037,,
364,127,VV,0.009411062764582515,0.0051129410852807245,,
365,127,VH,0.00022370133250900203,0.0005825594728352158,,
366,129,VV,0.012821498498616838,0.007082618334323696,,
367,129,VH,-0.00012972740921789744,0.0009953056351857592,,
368,79620,VV,0.013444745611407233,0.006857077180644009,,
369,79620,VH,0.0001310677402996549,0.0004837771229271002,,
370,130,VV,0.008164640654487259,0.004420976919804314,,
371,130,VH,-9.74913169456566e-05,0.0005735589566478336,,
372,79621,VV,0.024955672021376826,0.013774594234404133,,
373,79621,VH,0.0003628199609182263,0.0019258613576358652,,
374,131,VV,0.011437829676402616,0.0059537562178148306,,
375,131,VH,0.00023866523502674095,0.0004885872250409434,,
376,132,VV,0.016857122614608817,0.009549584259226227,,
377,132,VH,0.00038748840455248647,0.0018393221846300122,,
378,133,VV,0.021321377123839875,0.011841585964295699,,
379,133,VH,-0.00032045117565191643,0.0013196973702624727,,
380,79624,VV,0.006838960178323019,0.003743556002038168,,
381,79624,VH,0.00011951448334256012,0.0005480004210584518,,
382,134,VV,0.006796094182708622,0.00388172516599527,,
383,134,VH,5.672468186678659e-06,0.0005151580016414622,,
384,135,VV,0.008398823343267239,0.004415891595048676,,
385,135,VH,0.0004648345570162023,0.0007081499045078361,,
386,137,VV,-0.000467419280757863,0.000944692917875767,,
387,137,VH,-0.0002651799551138697,0.0009390736885984567,,
388,138,VV,0.0037502069853215707,0.0024174159777080105,,
389,138,VH,-0.00011515773685132575,0.000575439615079174,,
390,79629,VV,0.009967641825079199,0.0066920808681564786,,
391,79629,VH,5.583655424137191e-05,0.0018391052303414178,,
392,139,VV,0.009758655266248636,0.005085473563707463,,
393,139,VH,0.00022145033303958513,0.00047604939108490446,,
394,140,VV,0.0669440344410996,0.03540813001812763,-12.355770724304275,2.403337745844545
395,140,VH,0.0007388476613207432,0.002016300044435504,,
396,141,VV,0.013423886478613069,0.007481597520785977,,
397,141,VH,-0.0002258234797461495,0.001246518391144941,,
398,79632,VV,0.003968085240602324,0.002361791070640602,,
399,79632,VH,-1.6614546783785266e-05,0.0004816219524527222,,
400,142,VV,0.0010978435257743642,0.0011769578685750211,,
401,142,VH,-0.00016770666286807092,0.00046629314778405675,,
402,143,VV,0.0029909755031207823,0.001874878003743439,,
403,143,VH,0.00011513079591494124,0.0005360704488143372,,
404,144,VV,0.028911272693098716,0.014999764774806919,,
405,144,VH,0.00013291491677862666,0.001107202570271443,,
406,79636,VV,0.008392192794917682,0.00443315792686114,,
407,79636,VH,4.5995185552946715e-05,0.00043167924091765244,,
408,145,VV,0.0104296939210501,0.005967451710890291,,
409,145,VH,-2.3004211160077147e-05,0.0006056150312969617,,
410,79637,VV,0.01521250333776453,0.009467197908327007,,
411,79637,VH,0.00019339717307901755,0.0018711897822934723,,
412,146,VV,6.6243274774484e-05,0.0004851311120965803,,
413,146,VH,7.65946690060048e-05,0.00041593973646767226,,
414,147,VV,0.011139497712648284,0.006698617813512627,,
415,147,VH,0.00021413241149813945,0.0017641170804688466,,
416,148,VV,0.014730551289087545,0.008072272799447257,,
417,148,VH,-0.00023062546618483703,0.001224028877668074,,
418,79640,VV,0.0015305748347927274,0.0013861017502178937,,
419,79640,VH,-4.224622181079219e-05,0.0004746829321802057,,
420,149,VV,0.005998538524675358,0.0034011127336133957,,
421,149,VH,-5.7591656854393913e-05,0.0004879171798634052,,
422,150,VV,0.005591841752609541,0.0030516797609242696,,
423,150,VH,0.0001604949703923901,0.0005491831577530031,,
424,152,VV,0.01253120383069392,0.006983394613400057,,
425,152,VH,-7.898538365947722e-05,0.0009963642052449183,,
426,79644,VV,0.004475576777802374,0.0025374218401396343,,
427,79644,VH,7.006380472195959e-06,0.00041122167468223356,,
428,153,VV,0.00490398783582424,0.0028941369557850963,,
429,153,VH,-9.673265559438635e-05,0.0005600451780687329,,
430,79645,VV,0.01412013433424676,0.008535985995562016,,
431,79645,VH,0.0002675708016932457,0.0018809162097751012,,
432,64940,VV,0.016085728943164478,0.0157086293597434,,
433,64940,VH,0.0002685186773251793,0.002952410997611056,,
434,155,VV,0.03085079203187368,0.0167520693306034,,
435,155,VH,0.0005324348280082196,0.00195204623919184,,
436,156,VV,0.025059893286330716,0.013230813955772374,,
437,156,VH,-0.00010873108739284727,0.0012677942593656765,,
438,79648,VV,0.020963341310601794,0.010536100989929782,,
439,79648,VH,0.00028623679394690663,0.0006175386576716502,,
440,157,VV,0.011509479681604396,0.006129010612475211,,
441,157,VH,0.00019628375662962525,0.0006060289717880926,,
442,158,VV,0.00025608944420638503,0.0006298955244742121,,
443,158,VH,8.778513143239612e-05,0.0005012224081492054,,
444,160,VV,0.002401703409401447,0.0032597853563009673,,
445,160,VH,-0.00031278813034870377,0.0008531935023634289,,
446,79652,VV,-9.094874134434596e-05,0.0004535766856925341,,
447,79652,VH,-6.256227538712528e-05,0.00036746232378983055,,
448,161,VV,0.004031380428140411,0.0025267097583603617,,
449,161,VH,-0.00011886529673780046,0.0005348531824639289,,
450,79653,VV,0.011544613157719314,0.00739017797115597,,
451,79653,VH,0.00011450276254706898,0.0017561288655904578,,
452,162,VV,0.0001551163697204326,0.0005740065776640136,,
453,162,VH,6.612524648600623e-05,0.00039761964328383575,,
454,163,VV,0.013858094646935,0.008179664066741303,,
455,163,VH,0.00017988464421878937,0.001788547575808357,,
456,164,VV,0.004376174454390047,0.004217195144268889,,
457,164,VH,-0.00028210661500093284,0.0011362656898102617,,
458,79656,VV,0.0008236685335880573,0.0009822068291470154,,
459,79656,VH,-5.710964383565826e-05,0.00043627865379973984,,
460,165,VV,0.0004400371082111458,0.0008522266137698319,,
461,165,VH,-0.00013161040139610371,0.00043747883116198666,,
462,166,VV,0.005861344131849771,0.0031946867692897885,,
463,166,VH,0.00024286934979849382,0.0005855940467508661,,
464,168,VV,-0.0004245039668809448,0.0008672614321153602,,
465,168,VH,-0.0003093007354092193,0.0008763646358890296,,
466,169,VV,0.005168436368310401,0.0030056900054175515,,
467,169,VH,-7.77173948144855e-05,0.0005619750926869058,,
468,79546,VV,0.03182915592682356,0.016653077777651716,,
469,79546,VH,0.00041151549117318155,0.0018703458472811337,,
470,79661,VV,0.03182915592682356,0.016653077777651716,,
471,79661,VH,0.00041151549117318155,0.0018703458472811337,,
472,170,VV,0.0003563757565241654,0.0006452115102397475,,
473,170,VH,8.841640818631894e-05,0.00042073874820677945,,
474,64960,VV,0.0054048617279410065,0.014189320240540496,,
475,64960,VH,0.0002883140692214817,0.0029166441063345062,,
476,171,VV,0.01672748639097673,0.00947817877164808,,
477,171,VH,0.00027131010760354476,0.001805021996711514,,
478,172,VV,0.012372908016221958,0.007093807970747081,,
479,172,VH,-0.00022487319739625472,0.0012260904619795612,,
480,173,VV,0.005715667508020071,0.0033000386973349952,,
481,173,VH,-6.345700439356686e-05,0.00047681554816444483,,
482,174,VV,0.012318179882414704,0.0063983381384528516,,
483,174,VH,0.0002947247884841285,0.0006105266545387398,,
484,64965,VV,0.06112250813858259,0.03608717787050079,,
485,64965,VH,0.001188128428840649,0.0035292815054598103,,
486,175,VV,0.01833737067158801,0.010264420300260731,,
487,175,VH,9.56425007200021e-05,0.0014889098754522546,,
488,176,HH,0.005389616689989717,0.0017228145962188215,-22.91644416340806,1.456914911611311
489,176,HV,3.416136293424688e-05,0.00019541903461632327,,
490,1659,HH,0.001725326498443648,0.0007135901766802391,,
491,1659,HV,6.320443926980324e-05,0.00023096475283161772,,
492,64966,HH,0.053826667153468614,0.023858449595155994,-13.112149993607458,1.997221416981324
493,64966,HV,0.0004080103270088774,0.0016205663957223884,,
494,79553,HH,0.0032224428814205514,0.0012008479149006523,-25.246296991082286,1.7911041102517498
495,79553,HV,5.828230814307357e-05,0.00026636946967438264,,
496,79668,HH,0.0032224428814205514,0.0012008479149006523,-25.246296991082286,1.7911041102517498
497,79668,HV,5.828230814307357e-05,0.00026636946967438264,,
498,177,VV,0.003761869976207404,0.0023797007748327585,,
499,177,VH,-9.889622241666418e-05,0.0005550049699984701,,
500,79554,VV,0.016352649849935563,0.00959726173821449,,
501,79554,VH,0.00021198447243846007,0.001813953129548561,,
502,79669,VV,0.016352649849935563,0.00959726173821449,,
503,79669,VH,0.00021198447243846007,0.001813953129548561,,
504,178,HH,0.027361994749981043,0.04930034842962034,,
505,178,HV,-0.0002272538680974904,0.00044086390030885844,,
506,1663,HH,0.006602959525210609,0.0023624466490618948,-22.101300950277736,1.672411337421764
507,1663,HV,-0.00013659983679483256,0.0003770213177928774,,
508,41038,HH,0.021626359890941815,0.006694857327626449,-16.858612338399947,1.364463609333512
509,41038,HV,-0.00015598436642884545,0.00024832547910191366,,
510,179,HH,0.002393605724054719,0.0008613581569957734,-26.491896808748976,1.5902812134269289
511,179,HV,3.9370439789655517e-05,0.00016428125974665697,,
512,64971,HH,0.020044812383106504,0.011807387107387402,-17.41197788857436,1.8101232445184439
513,64971,HV,0.0003739644845143033,0.0010815127701789525,,
514,180,VV,0.018646213193265815,0.010466787371962157,,
515,180,VH,0.0003738708497605206,0.0017553867399821054,,
516,181,VV,0.01564271544027663,0.008913209323168558,,
517,181,VH,-0.00022138730762198436,0.001298328075304371,,
518,182,VV,0.009473426544682887,0.005012854708713912,,
519,182,VH,0.00010406669042641033,0.0005447804394921243,,
520,79559,VV,0.03401835256765748,0.01877927706331789,,
521,79559,VH,0.0007586022768088847,0.00180686310066639,,
522,79674,VV,0.03401835256765748,0.01877927706331789,,
523,79674,VH,0.0007586022768088847,0.00180686310066639,,
524,183,HH,0.03327432286184119,0.01035674146830398,-14.992659946764954,1.3858005764838375
525,183,HV,7.46427676345392e-05,0.00028949804121018344,,
526,1666,HH,0.0024246213268258173,0.0008318533824325098,-26.425756691042842,1.590301399391247
527,1666,HV,-3.3593630647398526e-06,0.00013094598771766567,,
528,41042,HH,0.003414284066118243,0.0011700629082701218,-24.939868433548792,1.5935734916070627
529,41042,HV,-3.5163035975746106e-05,0.000161108339648346,,
530,184,VV,0.06900390446563105,0.03515083912833583,-12.172247564400148,2.2787600734255804
531,184,VH,0.0014557296175228514,0.0012060628064614186,,
532,64977,VV,0.08687738852835816,0.04638589112362103,-11.186576781451869,2.3114900527706963
533,64977,VH,0.001428204232495603,0.003572269983375372,,
534,185,VV,0.009363002643482034,0.005770778100603564,,
535,185,VH,4.324033289928998e-05,0.001434839121070333,,
536,186,HH,0.004164130024300553,0.0015672699246886154,-24.107296558092607,1.6451400742332059
537,186,HV,-4.783423475828585e-05,0.00017237058751507178,,
538,24295,HH,0.000600932302150105,0.00036172405913621167,,
539,24295,HV,-7.180254242442675e-05,0.0001955319817336137,,
540,64978,HH,0.07652411348417609,0.026526348727171654,-11.371057594149201,1.3099243796028894
541,64978,HV,0.00037257616208638024,0.0016949940132983915,,
542,79562,HH,0.00045158013643153364,0.00038382461428751615,,
543,79562,HV,-6.744450299707102e-05,0.00022657477056684333,,
544,79677,HH,0.00045158013643153364,0.00038382461428751615,,
545,79677,HV,-6.744450299707102e-05,0.00022657477056684333,,
546,187,VV,0.005754529508020673,0.0033042443033532687,,
547,187,VH,-4.4804166357193774e-05,0.0005841200343976926,,
548,79563,VV,0.008545634469168199,0.007256737967028966,,
549,79563,VH,-3.313040978021131e-05,0.0017654765538432078,,
550,79678,VV,0.008545634469168199,0.007256737967028966,,
551,79678,VH,-3.313040978021131e-05,0.0017654765538432078,,
552,188,HH,0.12773707753918914,0.03772201531512143,-9.141408280841434,1.381407925284466
553,188,HV,-9.547749269168282e-05,0.0004595523024614496,,
554,1674,HH,0.005792305273200697,0.0022030951498695117,-22.691723361573466,1.715105182436973
555,1674,HV,-0.00015067104655096903,0.00039050020163557185,,
556,41048,HH,0.03304350534194008,0.010085801738957461,-15.011074661426466,1.3404902876662637
557,41048,HV,-8.097480352755753e-05,0.0002744480515699588,,
558,189,HH,0.0005464504200855876,0.0003100237358786359,,
559,189,HV,-6.850061348544685e-05,0.00013500518026353454,,
560,64983,HH,0.0178270718651939,0.016196681125363866,-18.1740235127809,2.1035110109440356
561,64983,HV,0.00024341960264630898,0.0014300988027928076,,
562,190,VV,0.0020323096482731703,0.0028795076759230323,,
563,190,VH,0.00020408909427877046,0.001726894134802727,,
564,191,VV,0.005935359987547233,0.004132984649035748,,
565,191,VH,-0.00031732067982034553,0.0011995758150715242,,
566,192,VV,0.005142540231329824,0.0029314963523378594,,
567,192,VH,-7.85896757881664e-05,0.00047473565023160695,,
568,79568,VV,0.0014381518555987263,0.0059787407884105415,,
569,79568,VH,-0.0006318572943268974,0.0015052545138993648,,
570,79683,VV,0.0014381518555987263,0.0059787407884105415,,
571,79683,VH,-0.0006318572943268974,0.0015052545138993648,,
572,193,HH,0.04095492854732373,0.012602697229680276,-14.081542493560896,1.3466487470864135
573,193,HV,0.00017021110234826016,0.0002891391286945689,,
574,41052,HH,0.00544274626119878,0.0017365513252772693,-22.86798292950825,1.4322974861450646
575,41052,HV,-5.528249238347362e-06,0.00016662298200085336,,
576,194,VV,0.035294547465882314,0.01825435031399864,-15.10586367014975,2.3305155049752515
577,194,VH,0.0013745950712641432,0.0011479099225110815,,
578,64989,VV,0.028609243177958384,0.13867282076175844,,
579,64989,VH,0.002339922452061409,0.04382139466894397,,
580,195,VV,0.004432650976115324,0.004844364460256932,,
581,195,VH,3.997357392664403e-05,0.0013927086043213183,,
582,196,HH,0.004576542679829123,0.0015908589754921555,-23.663738651974462,1.5607105464818232
583,196,HV,-9.869589067486035e-06,0.00018280000131476955,,
584,24304,HH,0.007121032777752916,0.002796750745919369,-21.795559882948773,1.6835453393180184
585,24304,HV,0.003787972058575705,0.004666329961611921,,
586,64990,HH,0.05951616377677285,0.022070587391145383,-12.531567173017052,1.5634243414527365
587,64990,HV,0.0001526590677278174,0.0014185242898051191,,
588,79571,HH,5.413592045683567e-05,0.00029866915808632734,,
589,79571,HV,-5.8005400502165724e-05,0.00023094657825733657,,
590,79686,HH,5.413592045683567e-05,0.00029866915808632734,,
591,79686,HV,-5.8005400502165724e-05,0.00023094657825733657,,
592,197,VV,0.004075221526243863,0.002507138513722882,,
593,197,VH,-0.000105295793243522,0.0005578603406325415,,
594,79572,VV,0.015784581659691436,0.009104931441865045,,
595,79572,VH,0.00023162580485040177,0.0018511361725679146,,
596,79687,VV,0.015784581659691436,0.009104931441865045,,
597,79687,VH,0.00023162580485040177,0.0018511361725679146,,
598,198,HH,0.3696805113494672,0.08915521151265869,-4.450493047908736,1.0704869057431161
599,198,HV,0.0004053499942608988,0.0005738181850601475,,
600,41058,HH,-0.0002003480603556546,0.0002197661325358516,,
601,41058,HV,-0.00022173145356938105,0.00024623810236937575,,
602,199,HH,0.006161487719338398,0.0019967658658903036,-22.33708858625116,1.453573931974647
603,199,HV,0.0003247188936705304,0.0002463175126153747,,
604,64995,HH,0.018838383199005167,0.0107898567000369,-17.662106393921388,1.7719003908036663
605,64995,HV,0.00033559169118327483,0.0016171079097577,,
606,200,VV,0.02798144802227989,0.01748494216095356,,
607,200,VH,0.00032180093648106356,0.0017338399358168216,,
608,201,VV,0.014717581694420175,0.007986069755471984,,
609,201,VH,-0.00011560999429714703,0.001240418865570286,,
610,202,VV,0.00884804272119506,0.004667680724568608,,
611,202,VH,7.823044711700952e-05,0.0005743893460475983,,
612,79577,VV,0.02575164408262881,0.014699702278455316,,
613,79577,VH,0.000555489824637534,0.001895626316951912,,
614,79692,VV,0.02575164408262881,0.014699702278455316,,
615,79692,VH,0.000555489824637534,0.001895626316951912,,
616,203,HH,0.03309353370418045,0.010264586523570346,-15.012352439291563,1.368765700317261
617,203,HV,3.266333907786596e-05,0.000275781141647812,,
618,41062,HH,0.008355138988814851,0.0026564815922512693,-21.004302456417456,1.4192858293314237
619,41062,HV,2.6776302859649393e-05,0.00018331767820759296,,
620,204,VV,0.003997248257164601,0.0024035885249874267,,
621,204,VH,0.00012361101135045994,0.0005186297663323244,,
622,65001,VV,0.04438728909503289,0.025899954731462182,,
623,65001,VH,0.0011342592784571303,0.002999988979666713,,
624,205,HH,0.029150820886443093,0.008882988361052559,-15.557536996060389,1.3521936937542536
625,205,HV,0.0007160419079744872,0.0004329894649527027,,
626,79580,HH,0.08394577779729688,0.022086808652365668,-10.9156744143704,1.1830930151939498
627,79580,HV,0.00033351562977820105,0.0008030317895898162,,
628,79695,HH,0.08394577779729688,0.022086808652365668,-10.9156744143704,1.1830930151939498
629,79695,HV,0.00033351562977820105,0.0008030317895898162,,
630,206,HH,0.03205686458320027,0.010585144740999421,-15.17873528006539,1.4571145102789007
631,206,HV,0.000734885246584983,0.0004176782011340589,,
632,24313,HH,0.012778016916218805,0.004354251229030863,-19.19102390425226,1.51563673415869
633,24313,HV,0.000731771137256521,0.0004055892874539274,,
634,65002,HH,0.1634922154446417,0.04766883794977538,-8.04247856488379,1.2441697174440614
635,65002,HV,0.0013174229750777405,0.0016890055415217805,,
636,79581,HH,0.020500785137098743,0.006796522718604949,-17.11998945335039,1.4553011266900944
637,79581,HV,0.0009028096319953405,0.0005135872986203688,,
638,79696,HH,0.020500785137098743,0.006796522718604949,-17.11998945335039,1.4553011266900944
639,79696,HV,0.0009028096319953405,0.0005135872986203688,,
640,207,VV,0.04055017202966087,0.02149827098914399,-14.523637622040388,2.370170340814332
641,207,VH,0.001266334542523249,0.0012738483148061104,,
642,79582,VV,0.07549486238719672,0.04083039171421648,,
643,79582,VH,0.0022253633682553908,0.002821264438630775,,
644,79697,VV,0.07549486238719672,0.04083039171421648,,
645,79697,VH,0.0022253633682553908,0.002821264438630775,,
646,208,HH,0.3249128464641107,0.08087851470634172,-5.015453284921983,1.080847632485955
647,208,HV,0.00026046869128767703,0.0005578612866666139,,
648,41068,HH,0.08045290867637314,0.02460161702953814,-11.148634233652869,1.3466268693101402
649,41068,HV,0.0002736833897724074,0.00038761772129537985,,
650,209,HH,0.1387587143988256,0.03865981725961858,-8.741526699569338,1.1974941282834848
651,209,HV,0.001077733897696147,0.0008305751230314861,,
652,65007,HH,0.017021864217131404,0.046168342432097366,-19.03514600364155,2.346433998978764
653,65007,HV,0.0021058639546879276,0.007744952804504277,,
654,210,HH,0.014924175652106462,0.004558910057538692,-18.467259713312924,1.360213375722415
655,210,HV,0.0010751011184022435,0.0004832751558554643,,
656,65008,HH,0.038924959242896205,0.019265729624003813,-14.45882857019264,1.693079552507043
657,65008,HV,0.00107675516205705,0.0014477657696304865,,
658,211,VV,0.055523149078755475,0.03074576451607425,,
659,211,VH,0.0015891045861562776,0.002420242734749335,,
660,212,VV,0.028204939977259653,0.014375610819440755,,
661,212,VH,-0.00010611775210066971,0.0012781680529556218,,
662,213,HH,0.0040084744003803805,0.001420849025552217,-24.24657542561684,1.5805329146498734
663,213,HV,9.913088567185418e-05,0.00019314761966033627,,
664,24318,HH,0.00959635763361435,0.0035469139818691733,-20.48839045869495,1.689839447526461
665,24318,HV,-0.00015576795132121973,0.0005903689310161496,,
666,79587,HH,0.0011857023115025489,0.0006467980423451611,,
667,79587,HV,-5.5826656442761514e-05,0.0001629407397079587,,
668,79702,HH,0.0011857023115025489,0.0006467980423451611,,
669,79702,HV,-5.5826656442761514e-05,0.0001629407397079587,,
670,214,HH,0.06400039642616885,0.01994860473013798,-12.150763046255632,1.3766758032706232
671,214,HV,0.0005817895226095459,0.0004567441055384616,,
672,41072,HH,0.01793784868555982,0.005794164600680898,-17.683056833729026,1.3948916376591416
673,41072,HV,0.00040696967664875826,0.0002990527827044916,,
674,215,VV,0.011147005507010343,0.005796457704436707,,
675,215,VH,0.00024294141860365206,0.0005857604100397953,,
676,216,HH,0.023736554044665164,0.007848294803673416,-16.48025167373869,1.4436655030908612
677,216,HV,0.0006309633413219771,0.0003989021568364753,,
678,79590,HH,0.11390187645777589,0.03051536853875456,-9.588797860956142,1.1647829618773313
679,79590,HV,0.0008899463379188696,0.0009381427783210533,,
680,79705,HH,0.11390187645777589,0.03051536853875456,-9.588797860956142,1.1647829618773313
681,79705,HV,0.0008899463379188696,0.0009381427783210533,,
682,217,HH,0.011420463582394206,0.00368381549626434,-19.649737021150738,1.4256043298008276
683,217,HV,0.00018437496895301343,0.00025071725289626704,,
684,24323,HH,0.0011688692066101662,0.0005435169723049374,,
685,24323,HV,-1.3660635134497173e-05,0.0002004978181103505,,
686,79591,HH,0.004589700089285366,0.0017565617746638283,-23.703981817755288,1.711786137909276
687,79591,HV,0.00012012605861780028,0.0002874893069990462,,
688,79706,HH,0.004589700089285366,0.0017565617746638283,-23.703981817755288,1.711786137909276
689,79706,HV,0.00012012605861780028,0.0002874893069990462,,
690,218,VV,0.021223014387416014,0.011844178210044416,,
691,218,VH,0.0007664134299775001,0.0009923575895866984,,
692,79592,VV,0.042434158771301016,0.022878522750089177,,
693,79592,VH,0.0010692399172959111,0.002200268027591129,,
694,79707,VV,0.042434158771301016,0.022878522750089177,,
695,79707,VH,0.0010692399172959111,0.002200268027591129,,
696,219,HH,0.26611139687900376,0.0686524212740259,-5.892519395095365,1.1207372928115067
697,219,HV,0.00011575541911590911,0.0005149631349698453,,
698,41078,HH,0.054799836609446914,0.017109933086230822,-12.827196828832188,1.3872888130532681
699,41078,HV,0.00023735115364572953,0.0003923969860297537,,
700,220,HH,0.10775737801212944,0.029306918421495458,-9.833037954254221,1.174504269210953
701,220,HV,0.0006262906873634102,0.0007219049658567623,,
702,221,HH,0.004717738311485783,0.0015139933657578935,-23.48795691161516,1.417888934860433
703,221,HV,0.00016611485369428042,0.00019578449535337185,,
704,222,VV,0.022232825446966125,0.011969490620658019,,
705,222,VH,0.0002725741285928629,0.0017416358822193057,,
706,223,VV,0.01069225520246133,0.006138692653010232,,
707,223,VH,-0.0002889039689451385,0.001182540912138423,,
708,224,HH,0.0012332805462786484,0.0005414880468106876,-29.540615241565696,2.0983987610744776
709,224,HV,-4.6378370020500475e-05,0.00016327703508528437,,
710,24328,HH,0.022469647875458718,0.005863894546017766,-16.637503035706835,1.1760967926388013
711,24328,HV,-3.228433030421863e-05,0.0006096999378562017,,
712,79597,HH,0.004917883221554349,0.001712349052033711,-23.351252972205625,1.5585023193418153
713,79597,HV,-6.548581148197149e-05,0.00016200114817785678,,
714,79712,HH,0.004917883221554349,0.001712349052033711,-23.351252972205625,1.5585023193418153
715,79712,HV,-6.548581148197149e-05,0.00016200114817785678,,
716,225,HH,0.06540211872856418,0.021294966074966296,-12.067574346437326,1.4029752794537438
717,225,HV,0.000227926842293511,0.00033821220281107035,,
718,41082,HH,0.01660572941521401,0.005463063619142247,-18.027581618586506,1.4263201556234595
719,41082,HV,0.00012363267796085413,0.00020795889481802177,,
720,226,VV,0.008966251823564416,0.004673072619683902,,
721,226,VH,0.00019656832735440882,0.0005520119626246452,,
722,227,HH,0.015418136585590882,0.00495175761474803,-18.33866944492944,1.390015366539168
723,227,HV,0.0003742957463846662,0.0003176243207003518,,
724,228,HH,0.009312337081414842,0.0029356591977469162,-20.532532012558796,1.4212212182708168
725,228,HV,0.0001588357655571232,0.00022879034939219718,,
726,24333,HH,0.0007765265172975245,0.0010393885167516892,,
727,24333,HV,-2.0592136832236885e-05,0.0002716455728125574,,
728,229,VV,0.001907552648624639,0.0017382400698466095,,
729,229,VH,-0.00014307001073822397,0.0005444714856542559,,
730,230,HH,0.017166486147200875,0.02409529106423076,-21.296309801912596,5.672836332945534
731,230,HV,-0.00024202428249780274,0.0003964049790683043,,
732,41088,HH,0.030489669928152486,0.009927078622094554,-15.394899238788152,1.4620766254172657
733,41088,HV,-7.6798713631655e-05,0.0002776861838809992,,
734,231,HH,0.10817669867570431,0.026570296321685297,-9.789551066922048,1.0731082234599152
735,231,HV,0.00075335629736639,0.0007625218003698544,,
736,232,HH,0.009890106338095813,0.003335706620772634,-20.29995124526874,1.5086172215031268
737,232,HV,0.000751176027695143,0.00039007234377775186,,
738,233,VV,0.06157156784763677,0.03350042632123736,-12.750244439456022,2.466379996439667
739,233,VH,0.002309373391649084,0.0027432784725492784,,
740,234,VV,0.023480489992467823,0.012607259904790098,,
741,234,VH,0.0001053596941406797,0.0013223963206944144,,
742,235,HH,0.009996888338032766,0.00355222833083311,-20.281652557054407,1.592505226146232
743,235,HV,0.0002656721376074906,0.0002604295913063259,,
744,24338,HH,0.05050583366731892,0.014869145613501576,-13.148736952831253,1.2629013260312272
745,24338,HV,9.399904719054401e-05,0.0006477642806417348,,
746,236,HH,0.11129631980052462,0.03954568689756331,-9.79569615104937,1.5073248957955292
747,236,HV,0.0012467303659966886,0.0007071583257542848,,
748,41092,HH,0.02114910475388979,0.007169685526689075,-17.000156364810223,1.5066252962741602
749,41092,HV,0.0005521707000468041,0.0003567316806330367,,
750,237,VV,0.034541295410940254,0.01752052081017128,-15.180648556087304,2.297699605973367
751,237,VH,0.0008377972093340029,0.0008609467634465809,,
752,238,HH,0.013310666642160407,0.004297077954583793,-18.98546878711328,1.424797367377465
753,238,HV,0.00023264849834743172,0.0002710332217622107,,
754,239,HH,0.018081958705498412,0.0054294518157648325,-17.62870688786599,1.3430167309053664
755,239,HV,0.00016774374505669563,0.00023510041982312117,,
756,24343,HH,0.01168010396675175,0.015384667639811571,-21.508779414656733,3.9162122204095837
757,24343,HV,0.0024897085706325262,0.004247997467048884,,
758,240,VV,0.013860166524928585,0.007305893253043533,,
759,240,VH,0.0004777791251906926,0.0008330398263283592,,
760,241,HH,0.28982773662393524,0.07072702363503411,-5.5122663721163665,1.0942242930583712
761,241,HV,0.00019789512503053228,0.0005264774966470923,,
762,41098,HH,0.09820020605598094,0.032050496124680174,-10.308006891714118,1.4267023107810743
763,41098,HV,0.0003627387106064545,0.0004403415789693499,,
764,242,HH,0.05527715894785496,0.014951399942071132,-12.730654851827548,1.1688496439717597
765,242,HV,0.00015159857110725488,0.0006458628871538689,,
766,243,HH,0.010825940453665013,0.0032516567936621997,-19.85538876485457,1.3420790887276168
767,243,HV,0.00029127151959864635,0.0002218566940142226,,
768,244,VV,0.020863725489126458,0.01115656732972848,,
769,244,VH,0.00031820082582032953,0.0017480878840729133,,
770,245,VV,0.029403004881953614,0.015564245493160865,,
771,245,VH,5.264417508644473e-05,0.001355017438273594,,
772,246,HH,0.004327069813403274,0.0014062758230365868,-23.872154169296994,1.4557760750930748
773,246,HV,0.00017932916695881845,0.00023184877269755884,,
774,24348,HH,0.06899573495881296,0.017484208813120457,-11.757515797345564,1.1475169929424414
775,24348,HV,0.000371868011674281,0.0006760659005820695,,
776,247,HH,0.10986613055397702,0.03221713938387132,-9.777317344658632,1.2828392971745664
777,247,HV,0.0007373465215220723,0.0004873184557935022,,
778,41102,HH,0.0096255956661169,0.003050278729483956,-20.383515332782938,1.3908391691402713
779,41102,HV,-6.460385398345485e-06,0.00017484176956461954,,
780,248,VV,0.0029268808452697016,0.0019973444921309487,,
781,248,VH,0.0001268203038880537,0.0005116623446069787,,
782,249,HH,0.005469870027256696,0.0018904759479034506,-22.885889858308065,1.5589085133203664
783,249,HV,-3.6948258542577314e-05,0.00018082243316962116,,
784,250,HH,0.010946271930629024,0.0036140513871575257,-19.842477456765767,1.4509621333659213
785,250,HV,4.557630385102992e-05,0.0001973264160340439,,
786,24353,HH,0.0008803949600364392,0.00045574253767626855,,
787,24353,HV,-2.2814461745979067e-05,0.00021036401210828754,,
788,251,VV,0.014680947728251997,0.007473769852488389,,
789,251,VH,0.00015555504191406273,0.0006746148141200866,,
790,252,HH,0.42214595691041545,0.1142782905787081,-3.909155375117604,1.21225345197957
791,252,HV,0.0005172453412464766,0.0005787285303046783,,
792,41108,HH,0.055863502062150634,0.017429936436613388,-12.742754094345,1.3848177721310468
793,41108,HV,0.00028771540748846893,0.0003868270351510706,,
794,253,HH,0.04944287514749135,0.012761873885456774,-13.20321922499956,1.1272072192058553
795,253,HV,1.4448727435984782e-05,0.0005666801727948271,,
796,254,HH,0.014026071077585035,0.0046592689578136455,-18.7721243671102,1.4716625952937898
797,254,HV,0.00048036116729644656,0.0003053922920573086,,
798,255,VV,0.05270427976373877,0.026679095892145205,-13.359892444276376,2.35435835634449
799,255,VH,0.0007831811679714504,0.001988190320628585,,
800,256,VV,0.007540031500456348,0.0049555720601129,,
801,256,VH,-0.00027165940593200914,0.001162835190531031,,
802,257,HH,0.009378608123503905,0.0031424677897675768,-20.530407162541515,1.5116202955396345
803,257,HV,0.000730195560427321,0.0004042891167456007,,
804,24358,HH,0.06435278868329725,0.01670454247647583,-12.061390489654096,1.1416989553645704
805,24358,HV,0.0003417221064578761,0.0006983457127325395,,
806,258,HH,0.041848466579964716,0.01333828911906266,-14.008400813085165,1.42552642989132
807,258,HV,0.00018641766288175432,0.00033224545035849046,,
808,41112,HH,0.012618859590657143,0.003952750254151241,-19.20307723332312,1.3769587606609883
809,41112,HV,0.0002824359714542427,0.00025337097317047785,,
810,259,VV,0.017171928934088785,0.00969258986393824,-18.34245187981704,2.558523270333896
811,259,VH,0.0004654402191744094,0.0006997288080119337,,
812,260,HH,0.05425929552274504,0.01934402009840601,-12.92079278378224,1.5291518887520659
813,260,HV,0.0008796011577067233,0.00048611125299484313,,
814,261,HH,0.028862787782986857,0.009607926673025919,-15.637249059232154,1.4660709297113104
815,261,HV,0.0008405484739109352,0.00048178941559540395,,
816,24362,HH,0.0101975304486752,0.0034370430915626497,-20.167484345185258,1.5100099603650425
817,24362,HV,0.0009876544104290303,0.000518616958002588,,
818,262,VV,0.046698996133361426,0.024069716763204463,-13.88415968146507,2.3205627869637233
819,262,VH,0.0006444859219653358,0.0009170430457040122,,
820,263,HH,0.2772277153000366,0.06939449886757176,-5.706215848022002,1.087462586327992
821,263,HV,0.0002840878488323218,0.0005910407658622609,,
822,41118,HH,0.0478767201841291,0.015450571930734956,-13.422164537967644,1.4074681324474654
823,41118,HV,0.00026098760680493606,0.0003948612670586151,,
824,264,HH,0.06142301618557208,0.01581409524913775,-12.261416054859241,1.1311413575607998
825,264,HV,0.00028993252657652686,0.000655497600029198,,
826,265,HH,0.005584334598665667,0.001889501405184154,-22.777346848931288,1.4813336346845292
827,265,HV,0.00043871215453976056,0.0002929735022149999,,
828,266,VV,0.01982967530320037,0.011330380537409788,,
829,266,VH,0.0004831299534423135,0.0018699907787258952,,
830,267,VV,0.021133655521475947,0.011799186965485186,,
831,267,VH,7.024345232541274e-06,0.0013232091006369177,,
832,268,HH,0.008207215455279056,0.002596866771352622,-21.076571041366517,1.3958990263223414
833,268,HV,0.0001860680990697974,0.00022421881571722916,,
834,24367,HH,0.07109375156850012,0.017878473162128233,-11.621892679569264,1.117870900901468
835,24367,HV,0.0002465136605049276,0.0006423146681633378,,
836,269,HH,0.03884983379383423,0.011189255813581555,-14.285807031801353,1.2631572157076867
837,269,HV,5.4516466305740126e-05,0.0002938023960639817,,
838,41122,HH,0.00538951225368886,0.0017932441276929183,-22.936058236711833,1.519097491031065
839,41122,HV,-3.7668394647568693e-06,0.0001803661325043489,,
840,270,VV,0.007849900614314868,0.004331220933474762,,
841,270,VH,0.0003664069539001883,0.0006534517987583225,,
842,271,HH,0.016852185765675362,0.0051555108375056745,-17.93271099241964,1.328324496743874
843,271,HV,0.0001277687641772269,0.00023731643786653787,,
844,272,HH,0.000506158985016691,0.0008718871061991753,,
845,272,HV,-8.63706334052307e-05,0.0001660904308790971,,
846,24371,HH,0.00461957903011136,0.005471479519982736,,
847,24371,HV,0.002250644531120677,0.002900913126516147,,
848,273,VV,0.011386594885190565,0.006126320903300365,,
849,273,VH,0.00019969259281198097,0.000692603060529036,,
850,274,HH,0.49934639183110274,0.12779144200156506,-3.1576173700024692,1.1158175265298078
851,274,HV,0.0006379740257806167,0.0006384920864602574,,
852,1683,HH,0.027483726670639377,0.008719089228933337,-15.821424313621742,1.3644861105467774
853,1683,HV,0.00045097568067382145,0.0005952252732358474,,
854,41127,HH,0.05071840908210637,0.015886726460223682,-13.162586603491889,1.3811972336243017
855,41127,HV,0.00039311283388449123,0.0004494489189863188,,
856,275,HH,0.09125632433301077,0.026308447945960007,-10.570806575617265,1.2290708103926746
857,275,HV,0.0004709800362699603,0.0006966164805979902,,
858,276,HH,0.014894959476425215,0.004763863932630147,-18.490629133496924,1.401434838691674
859,276,HV,0.0010873811626854486,0.0004696917603925325,,
860,277,VV,0.04690209181358185,0.02514443344613726,,
861,277,VH,0.0017190704964880387,0.002502607181939995,,
862,278,VV,0.01714171419968707,0.0097411960994826,,
863,278,VH,-3.978197424804679e-05,0.001270573074796663,,
864,279,HH,0.007438864184520471,0.0024655802186287377,-21.522134307797877,1.4533194112927297
865,279,HV,0.000534549719165427,0.0003439296742857905,,
866,24376,HH,0.10445306871584112,0.02636963690202707,-9.952180767169484,1.1234862960945942
867,24376,HV,0.0006738816287867066,0.0007531334275032581,,
868,280,HH,0.09209069810233987,0.0302317935121548,-10.595036619221156,1.4590855234842541
869,280,HV,0.0009951910892336709,0.0005436000988492389,,
870,1685,HH,0.02937902552980095,0.009133847149165172,-15.53023113945297,1.3703003910071752
871,1685,HV,0.0013441911181375128,0.0006242826850456131,-29.181812169096943,2.079334453790507
872,41130,HH,0.05470389105777646,0.01742868743014527,-12.839901977904155,1.3995985532173871
873,41130,HV,0.0018851182720561912,0.0007652906204403709,-27.62293544013445,1.879366550825187
874,281,VV,0.001669972938541699,0.00200770922309847,,
875,281,VH,9.698555574469743e-05,0.0005081133728982357,,
876,40880,VV,,,,
877,40880,VH,,,,
878,282,HH,0.008461512611637375,0.0040257110148473815,-21.208708010250763,2.091028559105651
879,282,HV,-2.3662886215685388e-05,0.00018245363297416054,,
880,283,HH,0.016398540114319363,0.005279364611184378,-18.078351794337678,1.4233653156097648
881,283,HV,0.0005916902513884887,0.0003721460175917846,,
882,24380,HH,0.02233229681233401,0.0274158862111838,-18.854914315604766,4.195386069642531
883,24380,HV,0.0022253748079230492,0.005124144885162087,,
884,40881,HH,0.29532271385723047,0.07530204426998706,-5.435592203554556,1.0996701934040398
885,40881,HV,0.0007561023482981418,0.0008118440922048518,,
886,284,VV,0.011466659898647372,0.006836472733459624,,
887,284,VH,0.00011018030805078942,0.0006567442463142622,,
888,285,HH,0.49038612553036715,0.13372695683466135,-3.260363021759559,1.2192578394502314
889,285,HV,0.0009594927538527348,0.000752947300101756,,
890,1692,HH,0.02827682576875231,0.0091715867562951,-15.710185621271386,1.4085675987677682
891,1692,HV,0.0005280134979493116,0.000599102259635242,,
892,41136,HH,0.0692338563481825,0.02229191762790444,-11.815453954591023,1.3885160606830564
893,41136,HV,0.0006353008234889179,0.0004933853945334708,,
894,286,HH,0.09706917546529369,0.026685468272552745,-10.289947789883005,1.1875317347105616
895,286,HV,0.0011763874012742843,0.0008939084206823231,,
896,287,HH,0.003472904777285277,0.0014273081723483497,-24.951154149349893,1.78512206117448
897,287,HV,2.2117026803602986e-05,0.00015450720041923586,,
898,288,VV,0.046749120912427874,0.025709904474197482,,
899,288,VH,0.0012154883889030964,0.002272443511174386,,
900,289,VV,0.021230670756829325,0.011609217558701208,,
901,289,VH,-0.0001718622449147601,0.0012023847890289604,,
902,290,HH,0.0035207705046431874,0.0012471169719722203,-24.82806677258662,1.662808824805089
903,290,HV,-1.6680370274967093e-06,0.00016915239827863525,,
904,24385,HH,0.05153248035939396,0.013100119378693294,-13.017619622645107,1.101457794502483
905,24385,HV,9.839965952725469e-05,0.0006440298211983909,,
906,291,HH,0.06257061344425799,0.021128316517809515,-12.276124709178077,1.4590868078871357
907,291,HV,0.0003665075983816085,0.0003814416719805181,,
908,1695,HH,0.003932266011854735,0.001294605775911093,-24.294941847847426,1.4745321333097947
909,1695,HV,4.611459250078283e-05,0.00013710514937565556,,
910,41140,HH,0.0084543755418234,0.002768281755241761,-20.97333435606013,1.4932428007654586
911,41140,HV,7.353056938190127e-05,0.00019612094051245498,,
912,292,VV,0.007073450210801274,0.003910713771135854,,
913,292,VH,0.00020094247944565406,0.0005617866240107581,,
914,293,HH,0.02486772886484406,0.00799579137248555,-16.270070912433248,1.4217094374658599
915,293,HV,0.00027681118146455705,0.000282148156775054,,
916,294,HH,0.007822832124653482,0.002655438180363929,-21.318648597144662,1.506552176987179
917,294,HV,5.7158042812478535e-05,0.00019559226009980744,,
918,24390,HH,0.0036123007183567635,0.0017391843732467542,-24.909043245788798,2.093810252068593
919,24390,HV,0.0004169997503235688,0.00046669084281159994,,
920,295,VV,0.010362599737036505,0.005768814311691073,,
921,295,VH,6.0331731147986477e-05,0.0006205648006677297,,
922,296,HH,0.22418087339960882,0.053886890340584345,-6.621199498639059,1.0621154734068003
923,296,HV,9.406836451330639e-05,0.0005191145298786494,,
924,1703,HH,0.006072506480468208,0.0024474958304023272,-22.53328531230496,1.8478988764631226
925,1703,HV,-0.00011497733787288709,0.00038667742318298115,,
926,41146,HH,0.04189395534889502,0.012274804866931978,-13.970675427543704,1.3185081259491307
927,41146,HV,6.024655812375921e-05,0.0003333570347791264,,
928,297,VV,0.007538304940922774,0.004613023238125155,,
929,297,VH,0.00037279815212309085,0.00080213189625068,,
930,1704,VV,0.034562028224513014,0.01834103225257182,,
931,1704,VH,0.00010949437820925832,0.001674511704683245,,
932,298,VV,0.021373400640749315,0.013958211631041101,,
933,298,VH,9.854952703369688e-05,0.0016557673450295738,,
934,48206,VV,0.012486545794541962,0.007610403661581258,,
935,48206,VH,0.00030416487373605817,0.00049413951796808,,
936,299,VV,0.06506664710567074,0.04610587903142601,-12.855782317834466,3.0343315932761676
937,299,VH,0.0010036168681429745,0.001638345290665972,,
938,300,VV,0.049603256204085074,0.02886104508917769,-13.767947869914197,2.606162337555993
939,300,VH,0.001203669499631348,0.0012138576951715291,,
940,1708,VV,0.050890262632687235,0.026096545287368062,,
941,1708,VH,0.0002692655245869932,0.001723894840688156,,
942,301,VV,0.02858621325905027,0.017837666741480813,,
943,301,VH,0.0003349428202727115,0.0017733099870823165,,
944,48210,VV,0.01701883375167482,0.0093454352599516,-18.350887968974067,2.501706452301723
945,48210,VH,0.00034928981063745996,0.0005201218176711207,,
946,302,VV,0.02262823546038352,0.013883705216813964,,
947,302,VH,0.0005053319409099539,0.0008291490021385514,,
948,1712,VV,0.020634832329016434,0.011522897514231344,,
949,1712,VH,1.4084580999356395e-06,0.0015524151261342449,,
950,303,VV,0.020239618290211765,0.015527507162773234,,
951,303,VH,-0.00014477220554131887,0.0015728947912696703,,
952,48214,VV,0.011494897304446028,0.007937993344898002,,
953,48214,VH,0.00018933830360442347,0.00045035363850719906,,
954,304,VV,0.05068586348410717,0.032180895862315706,,
955,304,VH,0.0008132413615171805,0.0015689120328449455,,
956,305,VV,0.021319908997163177,0.011976985127810135,,
957,305,VH,0.0004939380948342676,0.0008532625984515742,,
958,1716,VV,0.025612966022872358,0.015015034548210458,,
959,1716,VH,0.0001111419866936521,0.0016605475951772671,,
960,306,VV,0.13660655694073154,0.07157662993928868,-9.244358561692184,2.368990574874987
961,306,VH,0.0025799145577038965,0.0028963551800350817,,
962,48218,VV,0.0817842884404247,0.042508598718395955,-11.455435147846206,2.321118840390451
963,48218,VH,0.001960230182288622,0.0013175795234329857,,
964,307,VV,0.023659004545728873,0.015345659367883764,,
965,307,VH,0.00029128677606147276,0.0012713935970918525,,
966,308,VV,0.05906374705449894,0.03209109129994866,-12.913349464623241,2.4098049059597875
967,308,VH,0.001899186748032332,0.001600158660834861,,
968,1720,VV,0.04511386238037351,0.02266563817129901,,
969,1720,VH,0.00030773251286544907,0.001795679676351293,,
970,309,VV,0.025198038747749004,0.015751824313727656,,
971,309,VH,0.00023407019880613221,0.0017841804208689738,,
972,48221,VV,0.012264936918451288,0.007107838501389211,,
973,48221,VH,0.000349608077948293,0.0005324809825130304,,
974,310,VV,0.04455147907312678,0.027819733518697463,,
975,310,VH,0.0009441147856260497,0.0015929822015420994,,
976,311,VV,0.105373553644836,0.05747104031192485,-10.407235397234762,2.426905563433262
977,311,VH,0.004527953823384993,0.003044915273638401,,
978,1724,VV,0.07056783534033058,0.03553331642794557,-12.084032399175767,2.3270833482976774
979,1724,VH,0.000653310150919847,0.0019132608142996357,,
980,312,VV,0.023706782628692746,0.0163755509874473,,
981,312,VH,0.00010446295972533718,0.0017644009749569782,,
982,48225,VV,0.022865518411839002,0.012571771045689338,-17.059084366237965,2.464355733525572
983,48225,VH,0.0004723030365396389,0.000621221368727744,,
984,313,VV,0.018232696231357225,0.014543763383003158,,
985,313,VH,0.00010702148989207217,0.0011870508044455818,,
986,314,VV,0.01114178777455631,0.006674647552650455,,
987,314,VH,0.00044919389182681354,0.0008317181990596069,,
988,1728,VV,0.07048145656745873,0.035538169011400875,,
989,1728,VH,0.0008596178146000776,0.00203092683066439,,
990,315,VV,0.011617653707986389,0.008291042963196538,,
991,315,VH,-0.00028845558286035516,0.0015333643359020375,,
992,48228,VV,0.007371289311659501,0.004564679028130358,,
993,48228,VH,9.200805097179932e-05,0.0004013159862756463,,
994,316,VV,0.03583497455166007,0.029596919809033936,,
995,316,VH,0.0008890129206997717,0.0017194333885331451,,
996,317,VV,0.014542882540271227,0.010082990513686633,,
997,317,VH,0.0007102744479961113,0.0010011574898884828,,
998,1732,VV,0.04085103428608657,0.021387785617636865,,
999,1732,VH,0.00059840289342221,0.0019424666838045363,,
1000,318,VV,0.0004458149974731821,0.0027035037717724835,,
1001,318,VH,-0.00038792267084789423,0.0015137684491968832,,
1002,319,VV,0.03031031960716666,0.02009947598005794,,
1003,319,VH,0.0005093680582119101,0.0013920731118187682,,
1004,320,VV,0.009759870626778654,0.006302759023186519,,
1005,320,VH,0.0003778126471828472,0.0008183322624441176,,
1006,1736,VV,0.09411548927790006,0.048380441757670846,-10.845219411088532,2.340180605633285
1007,1736,VH,0.0007504988578208568,0.002032371705579062,,
1008,321,VV,0.02539025345156392,0.01742318008987043,,
1009,321,VH,-4.117869100832945e-05,0.0016868166164329963,,
1010,322,VV,0.022538722377775294,0.013669774277159197,,
1011,322,VH,0.00019587654146014242,0.001232650686100051,,
1012,323,VV,0.007168721318416244,0.004561739808230565,,
1013,323,VH,0.000307148857601179,0.0007733243145891581,,
1014,1740,VV,0.0004893764549882072,0.0019253947660379024,,
1015,1740,VH,-8.423874884671462e-05,0.0016114499662466517,,
1016,324,VV,0.021247097147711277,0.012984604194689343,,
1017,324,VH,-1.926445522090274e-05,0.0015607918532834601,,
1018,48231,VV,0.012418159077225889,0.006609107301984817,-19.70034706523579,2.4863398280427855
1019,48231,VH,0.00020006481486928526,0.00042772872446004886,,
1020,325,VV,0.026763041072976532,0.01736704649898736,,
1021,325,VH,0.00027480492186785914,0.001289584539966706,,
1022,326,VV,0.006926798644246665,0.004550217607518294,,
1023,326,VH,0.000319947010911104,0.000782628849516346,,
1024,1744,VV,0.028194965786386833,0.015357719589426638,,
1025,1744,VH,7.706387608657425e-05,0.0017190343899483886,,
1026,327,VV,0.03463718870852272,0.01969752830549458,,
1027,327,VH,0.0004913698637471968,0.0019288277911118491,,
1028,48235,VV,0.04032762876388255,0.020505878668180478,-14.512419179823528,2.305609262586079
1029,48235,VH,0.0012423754045862278,0.0009903391576929622,,
1030,328,VV,0.015341782403761314,0.009703188879475777,,
1031,328,VH,0.00011337944987306161,0.0011582279248286327,,
1032,329,VV,0.022722923907194083,0.012332701054239857,,
1033,329,VH,0.0005812652617882571,0.0009095813673139736,,
1034,1747,VV,0.036471855659375815,0.01891741010481072,,
1035,1747,VH,0.0001900001116161833,0.0017381669869683794,,
1036,330,VV,0.049275736079904195,0.02643682990857816,,
1037,330,VH,0.0005915028046806394,0.0019717968768125163,,
1038,48239,VV,0.00716031484421426,0.0041820300620455005,,
1039,48239,VH,8.89800133955022e-05,0.00039938299200883753,,
1040,331,VV,0.014227914662414876,0.008500626642328406,,
1041,331,VH,-6.293092773487442e-06,0.00110084424471511,,
1042,332,VV,0.00017503493182624802,0.000828041609806726,,
1043,332,VH,0.00015961217822168947,0.0007080059950737152,,
1044,1754,VV,0.022126366845415673,0.012028088256724087,,
1045,1754,VH,1.7601031615428045e-05,0.00169011197588885,,
1046,333,VV,0.00861201005101705,0.006599551833753646,,
1047,333,VH,-0.00032720112249214273,0.0015516139853355678,,
1048,48245,VV,0.008030073583136002,0.0048326327722765725,,
1049,48245,VH,0.00010940393774618662,0.0004148516210739833,,
1050,334,VV,0.007694983834686617,0.005316240419442545,,
1051,334,VH,-5.333829331578742e-06,0.0011682538733295649,,
1052,335,VV,0.004264040805822306,0.003072506965560252,,
1053,335,VH,0.0002481840432165838,0.0007696254249553635,,
1054,1761,VV,0.011444613474384765,0.00755629869478447,,
1055,1761,VH,9.450656532308795e-06,0.0017199854753210686,,
1056,336,VV,0.026508858191195,0.01504621824583863,,
1057,336,VH,-7.512204517225781e-05,0.0016781647417071438,,
1058,48250,VV,0.029460377105179396,0.015623835223681083,-15.917273712277083,2.383880952676929
1059,48250,VH,0.0005594195782370984,0.0006615684630600274,,
1060,337,VV,0.028089061860013913,0.015366094570769076,,
1061,337,VH,0.0002487345261153276,0.0012690122903324396,,
1062,338,VV,0.026723352129827647,0.014980923643098654,,
1063,338,VH,0.000690531955840632,0.0009490110599535384,,
1064,1765,VV,0.04251468579319366,0.021707053413938502,,
1065,1765,VH,0.00020481329193073691,0.001761398506621041,,
1066,339,VV,0.05916668853882588,0.031214100545768352,,
1067,339,VH,0.0011993627596640906,0.0022237963314662838,,
1068,48254,VV,0.007846171459152396,0.004593037340071721,,
1069,48254,VH,0.00012360315351225948,0.00041473966824763265,,
1070,340,VV,0.014446708679334994,0.009915802318949144,,
1071,340,VH,4.477563452298347e-05,0.0011934270994797386,,
1072,341,VV,0.007801258193808287,0.006340482686868592,,
1073,341,VH,-0.0003877113998921866,0.001437047232482599,,
1074,48256,VV,0.0018638960606693076,0.0018533226049456744,,
1075,48256,VH,2.666654885929748e-05,0.00036108078462778603,,
1076,342,VV,0.0011043070441260313,0.0025115459949938542,,
1077,342,VH,-3.393366270846254e-05,0.0011620897539282612,,
1078,343,VV,0.059980581250456744,0.03069274313297692,-12.795932561738603,2.323868455899677
1079,343,VH,0.0015580271644594346,0.0014048784714928702,,
1080,1770,VV,0.018891250002861095,0.010708972856264333,,
1081,1770,VH,3.2220391577901655e-05,0.0016878007653182607,,
1082,344,VV,0.017745729831343395,0.012148402466527354,,
1083,344,VH,-0.0001507281972438039,0.0016627167263913183,,
1084,48260,VV,0.004319993778420001,0.0030714453682843448,,
1085,48260,VH,5.217295926399558e-05,0.0003890446673131903,,
1086,345,VV,0.03492245017406388,0.018762913893844005,,
1087,345,VH,0.0008112359555486834,0.0016146091083650133,,
1088,346,VV,0.03377258620369996,0.017133013421526053,-15.28700091205139,2.3279777525899967
1089,346,VH,0.0007776759663922869,0.0009774505852352348,,
1090,1773,VV,0.011908276627693675,0.009319892086667962,,
1091,1773,VH,1.6747950420100714e-05,0.001650168582293824,,
1092,347,VV,0.03390992897932963,0.01928410207157145,,
1093,347,VH,0.00040573721868983917,0.001297618235418549,,
1094,348,VV,0.01819876072641292,0.010725836449974147,,
1095,348,VH,0.0004442999906380527,0.0008083224485562531,,
1096,1777,VV,0.0042210493938607966,0.004646158086314657,,
1097,1777,VH,-3.88812415672779e-05,0.001584581358952538,,
1098,349,VV,0.056106155535017695,0.02933975919041711,-13.121184801675513,2.4199396506148454
1099,349,VH,0.001083541973848516,0.0021251518136514726,,
1100,48266,VV,0.02301862132067749,0.01188650615862731,,
1101,48266,VH,0.0004186385703675133,0.0005568259698168191,,
1102,350,VV,0.004215674179172345,0.00412078117541007,,
1103,350,VH,-2.699967836267203e-05,0.001132563153482794,,
1104,351,VV,0.030783372438291837,0.01595901153949615,-15.715798473626704,2.3825280039692216
1105,351,VH,0.0007413857337197692,0.0009674731380094121,,
1106,1781,VV,0.0015988740364786247,0.0041289060762320865,,
1107,1781,VH,-3.429116626811461e-05,0.00159281543304065,,
1108,352,VV,0.011243592314194945,0.007511145996370194,,
1109,352,VH,-0.00020266590406117473,0.0015542676813836618,,
1110,48270,VV,0.00028593582267785766,0.0008702350134559139,,
1111,48270,VH,1.0360574337712349e-05,0.0003590520574635877,,
1112,353,VV,0.05055735415238113,0.02765888166222477,,
1113,353,VH,0.0008525793653846006,0.0015571066176290236,,
1114,354,VV,0.011988000376461904,0.006747284890777168,,
1115,354,VH,0.00039115516604139506,0.0007864151667111252,,
1116,1785,VV,0.015887769442680468,0.010419051967175672,,
1117,1785,VH,-1.7519096729017665e-05,0.0015731336359637714,,
1118,355,VV,0.04581687360042088,0.026741721461444882,,
1119,355,VH,0.000865665136750947,0.0020428907955815346,,
1120,48274,VV,0.009689738808939191,0.005734856306786577,,
1121,48274,VH,0.00015467751983286505,0.0004156401030371992,,
1122,356,VV,0.0023544016977917028,0.0032709719664912188,,
1123,356,VH,-5.068181054269997e-05,0.0011201872845755562,,
1124,357,VV,0.007835990719457175,0.004749179390308494,,
1125,357,VH,0.0003776259850660107,0.0007827974768182905,,
1126,1789,VV,0.041436025423703886,0.020881396311509166,-14.411287418686927,2.3866634186246105
1127,1789,VH,0.0001924863963562909,0.0016611986235852338,,
1128,358,VV,0.017573911849023693,0.01087304230102502,,
1129,358,VH,-0.00015439904186292325,0.0015825564300175215,,
1130,48278,VV,0.010336012659449653,0.00577148046856306,,
1131,48278,VH,0.00014238423205056527,0.0004235312558846384,,
1132,359,VV,0.043276488406913255,0.02523410151257004,,
1133,359,VH,0.0009892499046960698,0.0015921572783162178,,
1134,360,VV,0.003964307771496146,0.002971309932241199,,
1135,360,VH,0.00021691660341265388,0.0007217621910395812,,
1136,1793,VV,0.0014838575088159298,0.002633708392122001,,
1137,1793,VH,-9.765410617217195e-05,0.0016054981962324618,,
1138,361,VV,0.026350487299095723,0.016048399456286295,,
1139,361,VH,0.00039776712454356875,0.0017591872538778198,,
1140,48282,VV,0.009174885965598728,0.004887544122959415,,
1141,48282,VH,0.00019422198239858225,0.0004238457266435438,,
1142,362,VV,0.017262426595057348,0.009826330306563448,,
1143,362,VH,0.0006453308782632902,0.0009355219478339923,,
1144,1797,VV,0.08869324623244726,0.04490939471719442,-11.08735048619189,2.305829529148583
1145,1797,VH,0.0007903732620672121,0.0019853312312172657,,
1146,363,VV,0.006187027780178692,0.005319452798158207,,
1147,363,VH,-0.00037311501945668613,0.0014774965774008687,,
1148,48286,VV,0.005185313002837738,0.003405051525020836,,
1149,48286,VH,7.296645117963077e-05,0.00038526041855722556,,
1150,364,VV,0.046364028069191696,0.026380456068184184,,
1151,364,VH,0.0009567357408770066,0.0015824298606918956,,
1152,365,VV,0.014752927191554356,0.009250768715485684,,
1153,365,VH,0.0004745311473717183,0.0008690385811709036,,
1154,1801,VV,0.08338967192806944,0.04169756418561338,-11.34664101921238,2.294113228372897
1155,1801,VH,0.0006225481433844176,0.0019604407286438153,,
1156,366,VV,0.07511298590294675,0.04510244635493956,-11.999762460152546,2.673771704003979
1157,366,VH,0.0016648484818396474,0.002532319130332025,,
1158,48290,VV,0.01493818843412999,0.009223922514021939,,
1159,48290,VH,0.0002774566120294191,0.0004993205512646939,,
1160,367,VV,0.017856987206212198,0.012596961633266226,,
1161,367,VH,0.00020053192098959052,0.0011724026312722306,,
1162,368,VV,0.05456179666652755,0.03344951051603228,-13.420161499244426,2.7206105372127336
1163,368,VH,0.0011990523816888888,0.0012680705124471882,,
1164,1805,VV,0.01678759605742702,0.009826029618386089,,
1165,1805,VH,-2.916732722338671e-05,0.0016085508959588783,,
1166,369,VV,0.017641983643312372,0.014696324877376215,,
1167,369,VH,-0.0002559843476573225,0.001534329178622715,,
1168,48294,VV,0.008425527179246295,0.005921864966245943,,
1169,48294,VH,0.0001121785368970383,0.0004178535829651591,,
1170,370,VV,0.08113335203581924,0.04679589677669482,-11.607716387317085,2.553732783866117
1171,370,VH,0.000987619098461614,0.0015779195418883724,,
1172,371,VV,0.03300299657352668,0.01698403693697406,-15.40347509910283,2.361095126673615
1173,371,VH,0.0007097455159388795,0.0009480913541011547,,
1174,1809,VV,0.036796952432037656,0.020667013515701244,,
1175,1809,VH,0.00022911988148663224,0.001705319243807337,,
1176,372,VV,0.03440247986301271,0.020910884028056836,,
1177,372,VH,0.0006215801514778415,0.00201159956842409,,
1178,48298,VV,0.03485965569635196,0.01866078648080106,-15.201991195579478,2.419764956464023
1179,48298,VH,0.0009204025916204216,0.0008294122884776521,,
1180,373,VV,0.009761060995183661,0.007561190848693561,,
1181,373,VH,1.1172541646769031e-05,0.0011878438555689818,,
1182,374,VV,0.007071669416204784,0.004929838762755465,,
1183,374,VH,0.0003092880343052384,0.0007588725601474636,,
1184,1812,VV,0.13621572321802253,0.06762572149921348,-9.201831046355304,2.255230210728203
1185,1812,VH,0.0011657176600714482,0.0021468283956260843,,
1186,375,VV,0.046253476904097104,0.02739155693841901,,
1187,375,VH,0.0001593431912231309,0.001747691785469483,,
1188,48301,VV,0.08649236401058791,0.043943508725098626,-11.182608618785286,2.257589077155503
1189,48301,VH,0.001820174913543907,0.001248525008448361,,
1190,376,VV,0.033429412213773234,0.021299499346893114,,
1191,376,VH,0.0005137315162553195,0.0013650651866146549,,
1192,377,VV,0.010940808237661923,0.006708149013296295,,
1193,377,VH,0.00031647010408895334,0.0007437623462156392,,
1194,1816,VV,0.03014461651837686,0.015506782560736888,,
1195,1816,VH,8.546388388450616e-05,0.0016318675623982364,,
1196,378,VV,0.11271782670306858,0.06208454394869157,-10.130260730529365,2.464895141563402
1197,378,VH,0.003042334553384881,0.003210548662940832,,
1198,48305,VV,0.03518184794471817,0.018875060904604755,-15.161277801913771,2.421949177298874
1199,48305,VH,0.0007952438462822126,0.0007625838364851699,,
1200,379,VV,0.03500067059547158,0.02215664251545845,,
1201,379,VH,0.0006015391948080208,0.0014059284494358426,,
1202,380,VV,0.02085861037202222,0.021470655578014364,,
1203,380,VH,0.0008364885051266993,0.0014169773388651161,,
1204,1820,VV,0.0010809841166543894,0.0026674548840502936,,
1205,1820,VH,-5.591071432609286e-05,0.001610468670187167,,
1206,381,VV,0.033386798111030444,0.01804663303501967,,
1207,381,VH,0.0008168675330508159,0.002251795417067593,,
1208,382,VV,0.022385931921014394,0.013883258565712403,,
1209,382,VH,0.00029093147902745076,0.0018802309963826271,,
1210,383,VV,0.008410988537810622,0.005042240979784949,,
1211,383,VH,0.0003086501119811621,0.0006081029995968693,,
1212,384,VV,0.02666294125361485,0.015276486386874268,,
1213,384,VH,0.0003163658485339645,0.0019052638452056268,,
1214,385,VV,0.02060445729640135,0.011641814513747451,-17.547182021791954,2.5455011376929964
1215,385,VH,0.0007061881771614028,0.0008257773920448342,,
1216,386,VV,0.02784734003773294,0.015286920751374744,,
1217,386,VH,0.0006652716334927539,0.0020721749289927802,,
1218,387,VV,0.0753970090863817,0.03749684327789575,-11.754587601009852,2.20280410125147
1219,387,VH,0.0024125019571852933,0.0016240579538030053,,
1220,388,VV,0.013218938060966967,0.006991041623033491,,
1221,388,VH,0.0006715417105426089,0.0007838111738458913,,
1222,389,VV,0.0023536441509538447,0.003717143691489527,,
1223,389,VH,0.0001656145824899277,0.0017766232668765764,,
1224,390,VV,0.008373214282617399,0.0049225217634136535,,
1225,390,VH,0.00028126951462716625,0.0005967923418530102,,
1226,391,VV,0.01935635845351599,0.01259074124493321,,
1227,391,VH,0.00029177075087185114,0.0018697093270101043,,
1228,392,VV,0.013135364922618662,0.006822039792892207,,
1229,392,VH,0.0005400325800983662,0.00071513230026898,,
1230,393,VV,0.016195417940605392,0.011078581765673024,,
1231,393,VH,0.00022510242423342728,0.0018508718780259985,,
1232,394,VV,0.005892991794287017,0.0033557769971039584,,
1233,394,VH,0.00015956983880345638,0.0005333182421071607,,
1234,395,VV,0.08941834372505374,0.04534026710288164,-11.053830520357822,2.3107377609969366
1235,395,VH,0.0013141700043934484,0.002320423849810495,,
1236,396,VV,0.004926416133015209,0.003172222174015539,,
1237,396,VH,0.00011304571817585779,0.0005309367141543153,,
1238,397,VV,0.004796322111601822,0.0029359585704877766,,
1239,397,VH,0.00014134978641500032,0.0005313537492365092,,
1240,398,VV,0.05929868303925021,0.039053075008780073,,
1241,398,VH,0.000722275832591017,0.0020799177326237695,,
1242,399,VV,0.016853953406651585,0.008546143034443121,-18.3168566669007,2.369941849075102
1243,399,VH,0.0004920490982913175,0.0006856857530049403,,
1244,400,VV,0.041514600112204834,0.021677596965114343,,
1245,400,VH,0.0005050460949396149,0.001985337590794804,,
1246,401,VV,0.008138963399601578,0.00448455548939431,,
1247,401,VH,0.0002412507398863608,0.0005694785391615835,,
1248,402,VV,0.15200185382365722,0.07671027173493578,-8.73975711325927,2.2800796118613027
1249,402,VH,0.002626127350430676,0.0030127594433522436,,
1250,403,VV,0.00975345460777925,0.005166884668657196,,
1251,403,VH,0.00016544587495573442,0.0005390430066796842,,
1252,404,VV,0.04632542379735499,0.023099560320479103,-13.889990571381961,2.264026571639812
1253,404,VH,0.0012241294038965252,0.0010570557864922664,,
1254,405,VV,0.03298088903741229,0.024337119638561798,,
1255,405,VH,0.00036595517786566236,0.001959992608795763,,
1256,406,VV,0.04065571144395465,0.021537464378318254,-14.517772972797541,2.3833596142497004
1257,406,VH,0.0008242362956633514,0.0008739686063890794,,
1258,407,VV,0.008925998586246129,0.004911016671835701,,
1259,407,VH,0.00034667226108478494,0.0006108101151408019,,
1260,408,VV,0.10143867275598231,0.051301247458447705,-10.503382817608637,2.303467043806375
1261,408,VH,0.0017193495087061091,0.002508906356224241,,
1262,409,VV,0.005615854148225788,0.00350136506200768,,
1263,409,VH,9.479243493792499e-05,0.0005026921378710005,,
1264,410,VV,0.008654643612292769,0.0052044083834918145,,
1265,410,VH,0.00020437208927846751,0.0005405019515219635,,
1266,411,VV,0.013606116628961575,0.009451552046817992,,
1267,411,VH,0.0001573279257311413,0.0018706589971834733,,
1268,412,VV,0.06183217489411401,0.033011210630051434,,
1269,412,VH,0.0005830063891805455,0.0021006993570980835,,
1270,413,VV,0.008104176783822163,0.004677967323369443,,
1271,413,VH,0.00021548227591133487,0.0005522808101849348,,
1272,414,VV,0.02580287414400953,0.015583923695095122,,
1273,414,VH,0.0003580374707653789,0.002068253706684797,,
1274,415,VV,0.006033254794262927,0.0036638264299750666,,
1275,415,VH,0.00011894974722936171,0.000502786553996311,,
1276,416,VV,0.019372162599116432,0.014176811137098405,,
1277,416,VH,0.0001963371148690313,0.0018895608174836775,,
1278,417,VV,0.04360248998334303,0.023702036955343255,-14.242820218357544,2.4432535618399287
1279,417,VH,0.0007969274998539604,0.000836733730793529,,
1280,418,VV,0.008645960370666471,0.004870711393780852,,
1281,418,VH,0.0002914477032175595,0.0005782729614492164,,
1282,419,VV,0.02860470802707689,0.016003624347069586,,
1283,419,VH,0.00036713475924702443,0.002014801296423487,,
1284,420,VV,0.04879832475031666,0.027409154361899037,,
1285,420,VH,0.0007017846786064242,0.0021766815056917087,,
1286,421,VV,0.043088363723382796,0.024297043783489142,,
1287,421,VH,0.0011271477949778245,0.0023533043076830133,,
1288,422,VV,0.022890162574781787,0.01389674617110699,,
1289,422,VH,0.00024658585689641424,0.002041722584375459,,
1290,423,VV,0.03741288311910246,0.02134496656990565,,
1291,423,VH,0.0006502840247317926,0.0021900075444696927,,
1292,424,VV,0.007454944736114043,0.004246931870003691,,
1293,424,VH,0.00022613018625469193,0.0005565005447937063,,
1294,425,VV,0.07062363921324374,0.03971003788690208,-12.17436211828421,2.490805803262255
1295,425,VH,0.0020953560116214014,0.0026362363569567885,,
1296,36419,VV,0.07060257026090432,0.03819868553345911,-12.159259215698956,2.482086350880319
1297,36419,VH,0.0020822819352984763,0.002716430930060185,,
1298,426,VV,0.059405426262115466,0.03250927609571534,,
1299,426,VH,0.0016153389139057929,0.002255417979285094,,
1300,36420,VV,0.058154320586598696,0.03202574508262117,-13.00227742604181,2.466326731015533
1301,36420,VH,0.0011803085143319576,0.0022012697391550528,,
1302,427,VV,0.12740335452464485,0.07379968920612513,-9.645448572456646,2.543910511778124
1303,427,VH,0.003608287170219849,0.0034259539929062917,,
1304,36421,VV,0.11749615899196231,0.06884524238824702,-10.014604510425041,2.5798360726910925
1305,36421,VH,0.0031821508585243943,0.0033778983612536857,,
1306,428,VV,0.04429331888765046,0.023537881071476273,,
1307,428,VH,0.0004241276777564028,0.0017577237460847245,,
1308,36422,VV,0.038912773528677676,0.02109504577760244,,
1309,36422,VH,0.0004528124182756068,0.001942242288313119,,
1310,429,VV,0.027543601169389705,0.014261407831214143,,
1311,429,VH,0.0002343133797422394,0.0016883163347111959,,
1312,36423,VV,0.019954657473426056,0.011161297068057581,,
1313,36423,VH,0.00018441857593781512,0.001846157834837158,,
1314,430,VV,0.01770857502866862,0.009745119599743788,,
1315,430,VH,0.00017046345835536534,0.0016308626022599737,,
1316,36424,VV,0.022622992225731442,0.012462703894394913,,
1317,36424,VH,0.0002582265231835359,0.0018411047584045528,,
1318,431,VV,0.0006229725370020826,0.001865791966632462,,
1319,431,VH,0.00011951972922556016,0.0016189715622898953,,
1320,36425,VV,0.01690893541805512,0.009832103884775185,,
1321,36425,VH,0.00014755964183744906,0.001804828100020867,,
1322,432,VV,0.025779779201020033,0.013577113730356145,,
1323,432,VH,0.00020016392014060482,0.0017245161417410173,,
1324,36426,VV,0.019205568185771932,0.01047369391255053,,
1325,36426,VH,0.00011721981320564627,0.001780930253892337,,
1326,433,VV,0.0039043884132172408,0.0039178856619132745,,
1327,433,VH,8.991066615265348e-05,0.0016666658553065295,,
1328,36427,VV,0.005627535585370399,0.005293856961100369,,
1329,36427,VH,0.00014375001193249972,0.0018473725981597103,,
1330,434,VV,0.06378624964798892,0.03627660107972013,-12.640732057339122,2.5403640565313417
1331,434,VH,0.0011419595099624576,0.0021347633781270063,,
1332,36428,VV,0.051369575721683776,0.030994982831668398,-13.644348042615192,2.658099503435803
1333,36428,VH,0.0007182582765097622,0.0020941408868423235,,
1334,435,VV,0.020992812722232555,0.011625548995004283,,
1335,435,VH,0.00023395134404315465,0.0016925706120809814,,
1336,36429,VV,0.022716676053895483,0.01323352985224233,,
1337,36429,VH,0.0002212126303499728,0.00185404681860904,,
1338,436,VV,0.01792744777752111,0.009764709519081321,,
1339,436,VH,0.00021345846210017638,0.001696111187864732,,
1340,36430,VV,0.01876117166996465,0.012626416337994079,,
1341,36430,VH,0.00015198587336051365,0.0018304944985737931,,
1342,437,VV,0.008959008081035797,0.0076109587867540665,,
1343,437,VH,0.00010911634143242181,0.0016571031881339022,,
1344,36431,VV,0.022129466644711524,0.01219099329483982,,
1345,36431,VH,0.00011322786806893141,0.001873643430102177,,
1346,438,VV,0.006306369378676748,0.004445966451376268,,
1347,438,VH,-7.699171623566038e-05,0.001131783686384249,,
1348,12821,VV,0.005053503218403046,0.003707351292978957,,
1349,12821,VH,6.293439185582256e-06,0.0009182353377307882,,
1350,16341,VV,0.009879234064901066,0.006342688455723322,,
1351,16341,VH,0.0005188971134173325,0.0015140416931890353,,
1352,42893,VV,0.0006498399912789926,0.001743982647402163,,
1353,42893,VH,0.00011804319475319015,0.0013295324227898591,,
1354,439,VV,0.018247958450087885,0.010095629828721996,,
1355,439,VH,0.0002464481371294475,0.0016817803871108893,,
1356,36433,VV,0.021442028162725134,0.013680972089766848,,
1357,36433,VH,0.00024960879370468283,0.0018756853546422396,,
1358,440,VV,0.00757565441926388,0.006530001495910591,,
1359,440,VH,0.00017030222012205627,0.001706970346099115,,
1360,36434,VV,0.01108513806549558,0.007910992968987892,,
1361,36434,VH,6.871619477471582e-05,0.0018413282149536284,,
1362,441,VV,0.01683830203605598,0.009381965043214043,,
1363,441,VH,0.00021636683562469645,0.0016700974991960325,,
1364,12824,VV,0.015787837499122662,0.00971979054223297,,
1365,12824,VH,0.00017346482905727915,0.0017783832138401595,,
1366,36435,VV,0.01804552098567731,0.010699123938556892,,
1367,36435,VH,0.00018270092248015926,0.001811630846406273,,
1368,42896,VV,,,,
1369,42896,VH,,,,
1370,442,VV,0.041359993081596845,0.020886621179799187,,
1371,442,VH,0.00028590086973397533,0.0017306893811478024,,
1372,12825,VV,0.02417456610139301,0.012649324022248621,,
1373,12825,VH,-1.535089074021584e-05,0.001784221687141765,,
1374,42898,VV,,,,
1375,42898,VH,,,,
1376,443,VV,0.009621799722566975,0.006438066525197762,,
1377,443,VH,8.457396738138641e-05,0.001602782213715501,,
1378,12826,VV,0.012141395582709318,0.008255552632576262,,
1379,12826,VH,0.00016213955615745546,0.001711452476220991,,
1380,42899,VV,,,,
1381,42899,VH,,,,
1382,444,VV,0.0008754095045678641,0.0022189898583822535,,
1383,444,VH,0.00012013649439051194,0.0016290144961890174,,
1384,36436,VV,0.002936837932731574,0.003756084040200975,,
1385,36436,VH,0.00015008922816724655,0.0018035615737849728,,
1386,445,VV,0.03574600952876471,0.018015967535584737,,
1387,445,VH,0.0002257792290657193,0.0016791943211089963,,
1388,36437,VV,0.04841896922629492,0.025446681854529786,,
1389,36437,VH,0.0003546042384900053,0.0018991004040595455,,
1390,446,VV,0.011157574093563629,0.007457882405838569,,
1391,446,VH,0.00016255602093041344,0.0016360453615941865,,
1392,36438,VV,0.010555150503283268,0.008014466562704181,,
1393,36438,VH,9.928984329165351e-05,0.0017707750744441857,,
1394,447,VV,0.00041615741910947554,0.001613615351259865,,
1395,447,VH,6.271591261989139e-05,0.0016177632165472568,,
1396,36439,VV,0.0005468912420540565,0.0017796588256248451,,
1397,36439,VH,6.390403732278202e-05,0.0017641506322651262,,
1398,448,VV,0.03491470949943647,0.01920330861011024,,
1399,448,VH,0.00039984970353016113,0.001775932962159847,,
1400,449,VV,0.022993173924376213,0.013403634426032887,,
1401,449,VH,0.00022069796038813084,0.001686109998920486,,
1402,36440,VV,0.026643314284890567,0.014991343651252997,,
1403,36440,VH,0.0003151329650989064,0.0018880502634764894,,
1404,450,VV,0.010892945105690043,0.0066055268576874,,
1405,450,VH,0.00017392991844177648,0.0016219726410521703,,
1406,451,VV,0.012520633101245779,0.007247901606507157,,
1407,451,VH,0.0001365816775266967,0.0016458181838798762,,
1408,36441,VV,0.013359529576354225,0.0077237342827679535,,
1409,36441,VH,8.277111888429321e-05,0.0017750139635269128,,
1410,452,VV,0.08078283276942792,0.04591876209073905,-11.610113790422062,2.5263090814418043
1411,452,VH,0.00189281841760549,0.002473938538116259,,
1412,36442,VV,0.0654198710257579,0.04049971187840923,,
1413,36442,VH,0.0012250232044892992,0.0023251391581063916,,
1414,453,VV,0.033395480916874165,0.017763358675904773,,
1415,453,VH,0.0003959607025835955,0.0017856390417748493,,
1416,36443,VV,0.02671953764255008,0.014248245933865004,,
1417,36443,VH,0.00035333930533463414,0.0019160558247062033,,
1418,454,VV,0.03842036178794501,0.019926847904919123,,
1419,454,VH,0.00031052716597362536,0.0017337505909628898,,
1420,36444,VV,0.029469175220892128,0.015709852606721024,,
1421,36444,VH,0.0002619905439636504,0.0018732550903588852,,
1422,455,VV,0.06363975917361354,0.03328673733416102,,
1423,455,VH,0.0009279291736648674,0.0020447753334976865,,
1424,36445,VV,0.021754077659968552,0.015910792908280756,,
1425,36445,VH,0.00018282606063971076,0.0018633886108357992,,
1426,13633,VV,0.0801195092743066,0.041117388551730326,-11.537940106662969,2.3213660323263468
1427,13633,VH,0.0013266919981699849,0.0020875648576431597,,
1428,15283,VV,0.09425921448501977,0.05111397005436474,-10.887063852708337,2.4250268196754634
1429,15283,VH,0.0014515027518349323,0.0023527121755467697,,
1430,20796,VV,0.07620839929775881,0.03901370939099782,-11.759355683357194,2.3359771201919166
1431,20796,VH,0.0012694395646743132,0.0020238900601179974,,
1432,24397,VV,0.13318974646583126,0.07232948149818416,-9.387936785591691,2.43029239655154
1433,24397,VH,0.0018398286021463091,0.0026461268087207656,,
1434,38536,VV,0.06482023764229425,0.11360347799174539,-13.007715857514519,2.707496664633984
1435,38536,VH,0.004755064879139876,0.02917791639256954,,
1436,38762,VV,0.06482023764229425,0.11360347799174539,-13.007715857514519,2.707496664633984
1437,38762,VH,0.004755064879139876,0.02917791639256954,,
1438,57670,VV,0.13318974646583126,0.07232948149818416,-9.387936785591691,2.43029239655154
1439,57670,VH,0.0018398286021463091,0.0026461268087207656,,
1440,2468,VV,0.01641790117890683,0.009325088738074005,,
1441,2468,VH,7.338558584722024e-05,0.001540597403576067,,
1442,4171,VV,0.019207181858509604,0.11686142378195873,,
1443,4171,VH,0.00016985250919665087,0.01102246469254189,,
1444,4412,VV,0.03231852072329353,0.3083552242299831,,
1445,4412,VH,0.0019786347068211233,0.036514457816460254,,
1446,4647,VV,0.03231852072329353,0.3083552242299831,,
1447,4647,VH,0.0019786347068211233,0.036514457816460254,,
1448,6833,VV,0.016472462192473718,0.009025600192790549,,
1449,6833,VH,6.909141891452838e-05,0.0014850517761469688,,
1450,7049,VV,0.016472462192473718,0.009025600192790549,,
1451,7049,VH,6.909141891452838e-05,0.0014850517761469688,,
1452,11756,VV,0.02003688893488719,0.010674024761525906,,
1453,11756,VH,5.3821639529234676e-05,0.0013606482782875147,,
1454,11825,VV,0.02003688893488719,0.010674024761525906,,
1455,11825,VH,5.3821639529234676e-05,0.0013606482782875147,,
1456,13634,VV,0.011906905094590907,0.006469394453023711,,
1457,13634,VH,5.4063938794508366e-05,0.0006734269004713137,,
1458,15284,VV,0.008474317972058096,0.005510101490403437,,
1459,15284,VH,0.0006369725365972008,0.0013134655164255932,,
1460,20797,VV,0.008219052922419333,0.004596601220151628,,
1461,20797,VH,3.675609011546078e-05,0.000615439082852496,,
1462,24398,VV,0.0103676082193502,0.005722872140664504,,
1463,24398,VH,0.00030616430738175047,0.0007871781519718976,,
1464,38537,VV,0.029410117614186493,0.27175781021871237,,
1465,38537,VH,0.0027991971537572723,0.028909250564150876,,
1466,38763,VV,0.029410117614186493,0.27175781021871237,,
1467,38763,VH,0.0027991971537572723,0.028909250564150876,,
1468,41382,VV,0.019207181858509604,0.11686142378195873,,
1469,41382,VH,0.00016985250919665087,0.01102246469254189,,
1470,44589,VV,0.013642728965068688,0.008119150093249101,,
1471,44589,VH,0.00018142896787379811,0.0018238849889869577,,
1472,57671,VV,0.0103676082193502,0.005722872140664504,,
1473,57671,VH,0.00030616430738175047,0.0007871781519718976,,
1474,59955,VV,0.025729461475109967,0.1626122087794608,,
1475,59955,VH,0.0028273714040731816,0.030340220358550378,,
1476,60191,VV,0.025729461475109967,0.1626122087794608,,
1477,60191,VH,0.0028273714040731816,0.030340220358550378,,
